Area,Parent,Name,Route,Type,Params,Entry Points,Secondary Entries,Auth,Context,Purpose,Functionality,Actions,Tabs,Modals,Data Source,Backend,Status,Visibility,Source File,Route File,Notes,Matrix Row ID,PP Equivalent Name,PP Route(s) Today,PP Route Exists,PP Source File(s),PP Nav Entry Point,PP Auth / Role Gate,PP Data Source,PP Backend Endpoint / Function,PP Backend Connected,PP Functional Status,Match Status,Match Confidence,UI Parity,Functional Parity,Route Decision,Target PP Route (Decided),Naming Decision (Label To Use),Nav Placement Decision,Deep Link Pattern,Lovable-Only Feature,Fake-Backend Risk,Preserve-PermitPilot-Logic Notes,Do-Not-Replicate Reason,Required Backend Work,Required Frontend Work,Blocking Dependencies,Priority,Risk,Effort,Phase,Acceptance Criteria,Test / Verification Hook,Owner Decision Needed,Audit Notes
Public,—,Home,/,static,none,sidebar → Help & Support › Pricing & Overview; header → Home; direct URL,logo click,public,none,Marketing / landing,Product overview and CTAs,navigate,—,Contact form,static,UI only,Working,always visible,src/pages/Home.tsx,src/App.tsx,Rendered inside PermitPilotShell.,L001,Home (marketing homepage inside app shell),/,Yes,src/components/auth/HomeRoute.tsx; src/pages/Home.tsx; src/components/layout/DashboardLayout.tsx,Header → Home; sidebar logo; direct URL,Public. Signed-in users are redirected to /dashboard by HomeRoute.,Static marketing content + LeadCaptureContext,None for render; lead capture writes via Supabase,Partial,Working,Strong functional match,High,"Partial — both render the homepage inside the authenticated shell; typography, hero and CTA styling differ","Strong — same purpose, and PermitPilot adds a signed-in redirect Lovable does not have",Keep PP route,/,"Keep ""Home""",Header Home link + logo click; keep out of the primary sidebar list,n/a,No,None — static marketing copy is legitimately static,Preserve HomeRoute's signed-in → /dashboard redirect and the LeadCapture modal wiring. Lovable renders Home unconditionally; do not copy that.,Do not copy Lovable's fabricated metrics or logos into PermitPilot marketing copy.,None.,"Align hero, section spacing, card and CTA styling with the Lovable homepage using existing PermitPilot components.",None.,P1,Low,S,Phase 2 — public / marketing shell,Anonymous visit to / renders the restyled homepage inside DashboardLayout; a signed-in visit still redirects to /dashboard; lead capture modal still fires.,Manual smoke of / signed-out and signed-in; npm run build,No,Confirmed in src/App.tsx line 80 and HomeRoute.tsx.
Public,—,Login,/login,static,none,auth redirect; direct URL,sign-out flow,public,none,Sign in,Email/password + rejection reason surfacing,submit,—,—,Supabase,Fully connected,Working,always visible,src/pages/Login.tsx,src/App.tsx,Blocks rejected members with toast.,L002,Auth (unified sign-in / sign-up page),/auth (with /login redirecting to it),Yes,src/pages/Auth.tsx; src/App.tsx (redirect at /login),Auth redirect from protected routes; sign-out flow; direct URL,Public,Supabase auth,Supabase auth; send-welcome-email,Yes,Working,Same purpose different architecture,High,"Partial — Lovable uses a dedicated Login page, PermitPilot uses one Auth page with a view switch",Strong — email/password sign-in with rejected/pending handling on both sides,Alias to PP route,/auth (alias /login already in place),"Use ""Sign in"" for the nav/CTA label; keep the route at /auth",Not a sidebar entry; reached via redirect and the header sign-in CTA,"/login → /auth (Navigate replace, already implemented)",No,None,"Preserve the whole Supabase auth path: session handling, rejected-member messaging, invite acceptance and the /signup view state. Never restyle by rebuilding the form.",Do not split /auth into separate /login and /signup pages just because Lovable does.,None.,"Apply Lovable card, spacing and input styling to the existing Auth form.",None.,P1,Low,S,Phase 1 — foundation / auth surfaces,"Sign-in, sign-up and rejected-member paths all still work; /login still redirects to /auth; no auth logic changed.",Manual sign-in with a demo account on the Vercel Preview build,No,"src/App.tsx lines 81-83. /login is a Navigate redirect, not a page."
Public,—,Sign up,/signup,static,none,Login → Sign up link,direct URL,public,none,Register / request access,Creates auth user pending admin approval,submit,—,—,Supabase,Fully connected,Working,always visible,src/pages/Signup.tsx,src/App.tsx,Not linked from sidebar.,L003,Auth (sign-up view),"/signup → /auth with state.authView = ""signup""",Yes,src/pages/Auth.tsx; src/App.tsx (redirect at /signup),Auth page → Sign up toggle; direct URL,Public,Supabase auth + user_roles pending approval,Supabase auth; send-welcome-email,Yes,Working,Same purpose different architecture,High,"Partial — same fields, different container (view state vs standalone page)",Strong — both create a pending auth user awaiting admin approval,Alias to PP route,/auth (alias /signup already in place),"Use ""Create account""; keep the route at /auth",Reached from the Auth page toggle only,/signup → /auth with authView=signup (already implemented),No,None,Preserve pending-approval semantics and the state-based view switch; do not introduce a second auth component.,Do not create a standalone Signup page.,None.,Style the sign-up view to match Lovable's registration card.,None.,P1,Low,S,Phase 1 — foundation / auth surfaces,/signup lands on the Auth page already showing the sign-up view; account creation still produces a pending user.,Manual sign-up with a throwaway demo address on Preview,No,"src/App.tsx line 83 passes state={{ authView: ""signup"" }}."
Public,—,Contact,/contact,static,none,Home CTA,direct URL,public,none,Inbound contact,Submits to contact_submissions + edge fn send-contact-email,submit,—,—,Supabase + edge function,Fully connected,Working,direct URL only,src/pages/Contact.tsx,src/App.tsx,Not in sidebar.,L004,Contact,/contact,Yes,src/pages/Contact.tsx; src/components/layout/MarketingLayout.tsx,Marketing nav → Contact; Home CTA; direct URL,Public,Supabase contact_submissions,send-contact-email edge function,Yes,Working,Strong functional match,High,"Partial — same form intent; PermitPilot wraps it in MarketingLayout, Lovable in PermitPilotShell",Strong — both write a submission row and trigger a notification email,Keep PP route,/contact,"Keep ""Contact""","Marketing header/footer, matching the other public pages",n/a,No,None,Preserve the contact_submissions insert and the send-contact-email invocation exactly.,—,None.,"Align form field, label and button styling with Lovable's contact card.",None.,P1,Low,S,Phase 2 — public / marketing shell,Submitting the restyled form still creates a contact_submissions row and sends the notification email.,"Manual submit on Preview, then verify the row in Supabase",No,src/App.tsx lines 100-107; supabase/functions/send-contact-email.
Command,—,Dashboard (layout),/dashboard,nested,?project=,sidebar → Command › Dashboard; header → Home,unmatched-route redirect,signed-in,optional selected project,Portfolio overview shell,Renders tabs (Operations/UCI) and outlet,"navigate, filter","Operations (index), Utility Coordination (uci)",New Workflow (via header),static mock,Mock,Mock,always visible,src/pages/Dashboard.tsx,src/App.tsx,Fallback destination for '*'.,L005,Dashboard,/dashboard,Yes,src/pages/Dashboard.tsx; src/components/auth/ProtectedRoute.tsx; src/components/layout/DashboardLayout.tsx,Sidebar → Dashboard; header Home; post-sign-in landing,Signed-in via ProtectedLayoutRoute,"Supabase projects, permit applications, deadlines (real user data)",Supabase queries; fetch-permit-data; permit-status-monitor,Yes,Working,Strong functional match,High,"Partial — Lovable adds a KPI band, alert strip and portfolio table styling PermitPilot does not have","Strong, and PermitPilot is ahead: Lovable's dashboard is entirely fabricated demo data",Keep PP route,/dashboard,"Keep ""Dashboard""","First sidebar entry, as today",n/a — PermitPilot has no /dashboard/* children,No,High — the Lovable KPI values are invented; every restyled tile must bind to a real PermitPilot query or be omitted,"Preserve all existing Supabase queries, the active-project context and ProtectedLayoutRoute gating. Restyle containers only.","Do not import Lovable's mock dashboard dataset, and do not add nested /dashboard child routes.",None. Any tile without a real query must be dropped rather than faked.,"Adopt Lovable's KPI card band, alert strip and portfolio table styling on top of the existing data hooks.",None.,P0,Medium,M,Phase 3 — core authenticated surfaces,"/dashboard shows the Lovable-style layout, every number traces to a real query, and no tile renders placeholder values.",Manual smoke with a demo account that has projects; npm run build; npx tsc --noEmit,No,src/App.tsx line 122. PermitPilot has no dashboard tab shell.
Command,Dashboard,Dashboard · Operations,/dashboard (index),nested,none,Dashboard tab,direct URL,signed-in,optional selected project,KPI + portfolio table,"View KPIs, alerts, project rows","view only, navigate",—,—,static mock,Mock,Mock,always visible,src/pages/Dashboard.tsx (DashboardOverview),src/App.tsx,Fabricated demo data.,L006,Dashboard (single Operations view),/dashboard,"Partial — same page, no index/child split",src/pages/Dashboard.tsx,Sidebar → Dashboard,Signed-in via ProtectedLayoutRoute,Supabase projects and permit applications,Supabase queries,Yes,Working,Partial match,High,"Partial — the KPI-plus-portfolio-table content exists, but not as a tab under a layout route",Strong on content; PermitPilot renders it directly instead of through an index route,Fold into existing PP surface,/dashboard,"Do not surface ""Operations"" as a separate label; it is simply the dashboard",No separate nav entry,n/a,No,High — Lovable explicitly marks this data fabricated,Preserve the single-page structure. Introducing a layout route plus index child adds routing surface for no functional gain.,Do not create a /dashboard index child route or a Dashboard tab bar.,None.,Merge the Lovable operations layout into the existing single Dashboard page (same work as L005).,Depends on L005.,P1,Low,S,Phase 3 — core authenticated surfaces,Operations content is visible on /dashboard with no tab shell and no new routes added.,Route count check: src/App.tsx still declares exactly one /dashboard route,No,Lovable splits this into a nested index route; PermitPilot deliberately does not.
Command,Dashboard,Dashboard · UCI,/dashboard/uci,nested,none,Dashboard tab → Utility Coordination,direct URL,signed-in,none,UCI overview inside dashboard,View UCI KPIs,view only,—,—,static mock,Mock,Mock,always visible,src/pages/UciDashboard.tsx,src/App.tsx,Same component as /uci but NOT role-gated here.,L007,UCI Hub,/uci,"Partial — the surface exists at /uci, not under /dashboard",src/pages/UciDashboard.tsx; src/App.tsx lines 166-175,Sidebar → Utility Coordination,"Signed-in via ProtectedLayoutRoute, wrapped in an ErrorBoundary",Live scraper + Supabase UCI coordination records,scraper-service /api/uci,Yes,Working,Same purpose different architecture,High,"Partial — PermitPilot's hub is richer, but it is not embedded as a dashboard tab",PermitPilot is ahead — Lovable's UCI tab is static mock content,Fold into existing PP surface,/uci,"Use ""Utility Coordination"" in the sidebar","Its own expandable sidebar group, not a dashboard tab",/uci?section=overview,No,Medium — a dashboard-embedded copy would duplicate the hub and drift from it,Preserve the single canonical /uci entry point and its ErrorBoundary wrapper.,Do not create /dashboard/uci. Lovable's own inventory notes that its /dashboard/uci copy bypasses RequireUciAccess — replicating it would reintroduce a role-gate bypass.,None.,"If a dashboard UCI summary is wanted, add a read-only card on /dashboard that links to /uci rather than a second mount of the hub.",None.,P1,Low,S,Phase 3 — core authenticated surfaces,"UCI remains reachable only at /uci; no /dashboard/uci route exists; any dashboard UCI card is a link, not a second mount.","Grep src/App.tsx for ""dashboard/uci"" — must return no matches",No,Deliberate divergence: Lovable's alias is a documented security smell.
Command,—,Projects,/projects,static,none,sidebar → Command › Projects,dashboard link,signed-in,none,Project list,Browse mock project cards,navigate,—,—,static mock,Mock,Mock,always visible,src/pages/Projects.tsx,src/App.tsx,—,L008,Projects,/projects,Yes,src/pages/Projects.tsx,Sidebar → Projects; dashboard links; active-project control,Signed-in via ProtectedLayoutRoute,"Supabase projects (real, RLS-scoped)",Supabase queries; send-project-team-invitation,Yes,Working,Strong functional match,High,Partial — Lovable's project cards and filter chrome are more refined,PermitPilot is ahead — Lovable browses mock cards; PermitPilot does real CRUD with RLS,Keep PP route,/projects,"Keep ""Projects""","Second sidebar entry, as today",n/a,No,Medium — do not add card fields that PermitPilot's projects table cannot populate,"Preserve project CRUD, RLS scoping, team invitations and the active-project selector.",Do not replace the real project list with Lovable's static cards.,None.,"Adopt Lovable's card grid, status pills and filter bar on top of the existing project query.",None.,P0,Low,M,Phase 3 — core authenticated surfaces,"Project list, create, invite and select flows all behave as before with the new card styling; every card field maps to a real column.",Manual CRUD smoke with a demo account; npx tsc --noEmit,No,src/App.tsx line 123.
Command,Projects,New Project (Portal Credentials),/projects/new,static,none,Projects → New,direct URL,signed-in,none,Onboard project + portal creds,Enter credentials,create,—,—,local state,UI only,Placeholder,direct URL only,src/pages/ProjectSetupCredentials.tsx,src/App.tsx,—,L009,"Portal credential capture (in the filing dialog, not a page)",Modal inside /projects and /permit-wizard-filing,"Partial — capability exists, no dedicated route",src/components/permit-wizard/StartFilingDialog.tsx; scraper-service/app/routes/portal-credentials.routes.js,Projects → start filing; permit wizard entry,Signed-in; credentials are tenant-scoped,Supabase portal_credentials (encrypted),scraper-service portal-credentials routes; check-portal-status,Yes,Working,Same purpose different architecture,High,"Partial — Lovable uses a full onboarding page, PermitPilot uses a dialog in the filing flow",PermitPilot is ahead — Lovable's page is a UI-only placeholder; PermitPilot stores encrypted credentials and validates them,Fold into existing PP surface,/projects (StartFilingDialog),"Use ""Portal credentials"" as the dialog title",No nav entry; contextual to a project,n/a,No,High — a standalone credential page that does not actually encrypt and validate would be a security-relevant fake,"Preserve encrypted storage, tenant scoping and credential validation via check-portal-status. Credentials must never be handled by new UI code paths.",Do not build a /projects/new credential page; Lovable's version stores nothing.,None.,Restyle the existing dialog using Lovable's form styling.,Security review required for any change that touches credential input.,P2,Medium,M,Phase 5 — admin and settings surfaces,Credential capture still round-trips through the existing encrypted path; no new route and no new credential handling code.,node --test scraper-service/tests (portal credential coverage); manual filing dialog smoke,No,portal_credentials confirmed in supabase/migrations/20260210000000_portal_credentials.sql.
Command,Projects,Project Timeline,/projects/:id/timeline,dynamic,:id,Project Workspace → Timeline,direct URL,signed-in,selected project (:id),Milestone timeline,View milestones,view only,—,—,static mock,Mock,Mock,direct URL only,src/pages/ProjectTimeline.tsx,src/App.tsx,—,L010,Project deadlines and permit status (partial data only),"/dashboard, /projects (deadline surfaces)",No — no timeline route,src/pages/Dashboard.tsx (deadline widgets),Not present in PermitPilot navigation,n/a — surface does not exist,Supabase deadlines and permit application status,permit-status-monitor; send-deadline-reminders,Partial,"Adjacent data exists, no timeline surface",Missing in PermitPilot,High,None — no timeline UI,Weak — deadline data exists but there is no milestone schema,Defer,Undecided — would need /projects/:id/timeline,n/a — label not adopted,Omit from PermitPilot navigation,n/a,Yes,"Medium — plausible future surface, but building it now would require mock data","No PermitPilot logic exists on this path, so nothing to preserve.","PermitPilot tracks deadlines and permit status but has no milestone timeline model, so a timeline page would render invented milestones.",Define a project milestone schema and derive milestones from real permit and deadline events.,None until a milestone model exists.,Depends on L012 (a real project detail route) and on a milestone data model.,P2,Medium,L,Backlog — after a real /projects/:id detail route exists,"Not scoped. Requires a milestone schema, an owner and an update to this row first.",n/a — nothing to test until scope changes,Yes — needs a product decision on whether PermitPilot should own this domain,Lovable's timeline is mock; PermitPilot's deadline data is real but insufficient to populate it.
Command,Projects,Project Gantt,/projects/:id/gantt,dynamic,:id,Project Workspace → Gantt,direct URL,signed-in,selected project (:id),Gantt chart view,View schedule,view only,—,—,static mock,Mock,Mock,direct URL only,src/pages/ProjectGantt.tsx,src/App.tsx,—,L011,— (no PermitPilot equivalent),— (none),No,— (none),Not present in PermitPilot navigation,n/a — surface does not exist,— (none),None,None,Not implemented,Missing in PermitPilot,High,None — no PermitPilot surface to compare,None — no PermitPilot domain behind it,Defer,Undecided,n/a — label not adopted,Omit from PermitPilot navigation,n/a,Yes,"Medium — plausible future surface, but building it now would require mock data","No PermitPilot logic exists on this path, so nothing to preserve.",A Gantt chart needs task dependencies and durations that PermitPilot does not model at all.,"New domain model, tables, RLS and service layer would be required before any UI work.",None. Do not build the UI ahead of a real backend.,Depends on L010 (milestone model) plus a dependency/duration model.,P3,Medium,L,Backlog — lowest tier,No acceptance criteria yet. Promote to a real phase only after a backend design exists and this matrix row is updated.,n/a — nothing to test until scope changes,Yes — needs a product decision on whether PermitPilot should own this domain,No PermitPilot scheduling domain exists.
Command,Projects,Project Workspace (Alpha),/projects/alpha,static,none,CommandCenter → Open project,direct URL,signed-in,hard-coded 'alpha' project,Single project workspace demo,View project tabs,navigate,—,—,static mock,Mock,Mock,direct URL only,src/pages/ProjectWorkspace.tsx,src/App.tsx,No dynamic route for arbitrary project ids.,L012,Project detail (not implemented; list-only today),/projects (list only),No,src/pages/Projects.tsx,Not present in PermitPilot navigation,n/a — surface does not exist,Supabase projects,None,Yes (for the list),"List exists, detail route missing",Missing in PermitPilot,High,None — no detail page,Weak — real project rows exist but there is no detail view over them,Add PP route,"/projects/:id (proposed, not yet built)","Use ""Project workspace"" if built","Reached from the project list, never from the sidebar",n/a,Yes,"Medium — must be built over the real projects table, not a hard-coded id",Any detail route must read the real project by id under RLS.,"PermitPilot has no per-project detail route yet; Lovable's version is hard-coded to a fake 'alpha' project, which must not be copied.",None — the projects table already supports a detail read.,"Build a real /projects/:id detail page bound to the existing project query, replacing the list-only pattern.",Should follow the Phase 3 Projects restyle so the detail page inherits final styling.,P2,Medium,M,Phase 6 — structural follow-ups,/projects/:id loads a real project under RLS; no hard-coded project id exists anywhere in the codebase.,Manual navigation from the project list to detail with a demo account,No,Lovable's own inventory flags the /projects/alpha hard-coding as a structural gap.
Command,—,Mission Control,/mission-control,static,none,direct URL,—,signed-in,none,Master ops dashboard,View operations,view only,—,—,static mock,Mock,Mock,direct URL only,src/pages/MissionControl.tsx,src/App.tsx,—,L013,— (no PermitPilot equivalent),— (none),No,— (none),Not present in PermitPilot navigation,n/a — surface does not exist,— (none),None,None,Not implemented,Missing in PermitPilot,High,None — no PermitPilot surface to compare,None — no PermitPilot domain behind it,Do not build,— (no route),n/a — label not adopted,Omit from PermitPilot navigation,n/a,Yes,High — this is the single most convincing fake surface in the Lovable app; it would look authoritative while showing nothing real,"No PermitPilot logic exists on this path, so nothing to preserve.",Do not build. Directive: 'Do NOT replicate as fake backends: Mission Control page'. The real rollup path is the /dashboard and /uci hubs over live project data.,"New domain model, tables, RLS and service layer would be required before any UI work.",None. Do not build the UI ahead of a real backend.,No PermitPilot data model; no confirmed client requirement; no owner.,P3,High,XL,Out of scope — deferred indefinitely,No acceptance criteria: row is explicitly out of scope. This matrix must be updated (with an owner and a backend plan) before any work begins.,n/a — nothing to test until scope changes,No — the decision is already recorded as do-not-build. Reopening it requires a matrix update naming an owner and a backend plan.,"Also surfaced as UCI section ""portfolio"" (see L043-style coming-soon handling) with note 'firm-wide quarterly Mission Control is not connected yet'."
Command,—,Command Center,/command-center,static,none,direct URL,—,signed-in,none,Executive command dashboard,Navigate to project workspace,navigate,—,—,static mock,Mock,Mock,direct URL only,src/pages/CommandCenter.tsx,src/App.tsx,—,L014,— (no PermitPilot equivalent),— (none),No,— (none),Not present in PermitPilot navigation,n/a — surface does not exist,— (none),None,None,Not implemented,Missing in PermitPilot,High,None — no PermitPilot surface to compare,None — no PermitPilot domain behind it,Do not build,— (no route),n/a — label not adopted,Omit from PermitPilot navigation,n/a,Yes,High — Lovable page is mock; replicating it would ship a convincing but empty surface,"No PermitPilot logic exists on this path, so nothing to preserve.",Do not build. Fold any executive framing into /dashboard (L005) instead.,"New domain model, tables, RLS and service layer would be required before any UI work.",None. Do not build the UI ahead of a real backend.,No PermitPilot data model; no confirmed client requirement; no owner.,P3,Medium,L,Out of scope — deferred indefinitely,No acceptance criteria: row is explicitly out of scope. This matrix must be updated (with an owner and a backend plan) before any work begins.,n/a — nothing to test until scope changes,No — the decision is already recorded as do-not-build. Reopening it requires a matrix update naming an owner and a backend plan.,Lovable's Command Center exists only to link to /projects/alpha.
Command,—,Permit Queue,/permit-queue,static,none,sidebar → Command › Permit Queue,direct URL,signed-in,none,Filing queue,Browse permits,view only,—,—,static mock,Mock,Mock,always visible,src/pages/PermitQueue.tsx,src/App.tsx,Sidebar shows badge 18.,L015,Permit Queue (placeholder),/permit-queue,Yes — placeholder page,src/pages/placeholders/PermitQueuePlaceholder.tsx,Sidebar → Permit Queue,Signed-in via ProtectedLayoutRoute,None — labelled placeholder,None yet; permit_applications and permit-status-monitor are the eventual source,None,Placeholder (labelled),UI match only,High,"Weak — PermitPilot renders an honest placeholder, Lovable renders a mock queue",None on both sides — Lovable's queue is fabricated,Keep PP route,/permit-queue,"Keep ""Permit Queue""","Command group in the sidebar, as today",n/a,No,High — the obvious temptation is to fill the placeholder with Lovable's mock rows,Preserve the placeholder's explicit 'not connected' labelling until a real query exists.,Do not replicate Lovable's hard-coded sidebar badge of 18; a badge must count real rows or not exist.,Build a cross-project filing queue query over permit_applications with real status and owner fields.,"Once the query exists, adopt Lovable's queue table styling. Until then, restyle the placeholder only.",Needs an agreed queue definition (which statuses belong in the queue).,P2,Medium,M,Phase 6 — structural follow-ups,"Either the page shows real permit rows, or it remains an explicitly labelled placeholder. No fabricated badge count.",Grep for hard-coded badge counts in the sidebar; manual visit to /permit-queue,Yes — queue scope needs a product definition,src/App.tsx line 163 uses PermitQueuePlaceholder.
Command,—,Critical Path,/critical-path,static,none,direct URL,—,signed-in,none,Critical-path analysis,View chart,view only,—,—,static mock,Mock,Mock,direct URL only,src/pages/CriticalPath.tsx,src/App.tsx,—,L016,— (no PermitPilot equivalent),— (none),No,— (none),Not present in PermitPilot navigation,n/a — surface does not exist,— (none),None,None,Not implemented,Missing in PermitPilot,High,None — no PermitPilot surface to compare,None — no PermitPilot domain behind it,Do not build,— (no route),n/a — label not adopted,Omit from PermitPilot navigation,n/a,Yes,High — Lovable page is mock; replicating it would ship a convincing but empty surface,"No PermitPilot logic exists on this path, so nothing to preserve.","Do not build. Depends on the same scheduling domain as L010/L011, which does not exist.","New domain model, tables, RLS and service layer would be required before any UI work.",None. Do not build the UI ahead of a real backend.,No PermitPilot data model; no confirmed client requirement; no owner.,P3,High,XL,Out of scope — deferred indefinitely,No acceptance criteria: row is explicitly out of scope. This matrix must be updated (with an owner and a backend plan) before any work begins.,n/a — nothing to test until scope changes,No — the decision is already recorded as do-not-build. Reopening it requires a matrix update naming an owner and a backend plan.,Lovable page is mock.
Command,—,Feasibility,/feasibility,static,none,direct URL,—,signed-in,none,Phase-0 feasibility,Overview cards,navigate,—,—,static mock,Mock,Mock,direct URL only,src/pages/Feasibility.tsx,src/App.tsx,—,L017,"Permit Intelligence (adjacent, not equivalent)",/permit-intelligence,No,src/pages/PermitIntelligence.tsx,Not present in PermitPilot navigation,n/a — surface does not exist,Shovels API permit history,shovels-api; property-intelligence-agent,"Yes (for permit intelligence, not feasibility)",Adjacent surface exists,Missing in PermitPilot,High,None — no PermitPilot surface to compare,Weak — real property/permit intelligence exists but no feasibility scoring,Defer,— (no route),n/a — label not adopted,Omit from PermitPilot navigation,n/a,Yes,"Medium — plausible future surface, but building it now would require mock data","No PermitPilot logic exists on this path, so nothing to preserve.",Phase-0 feasibility is a genuine product idea but has no PermitPilot data model; PermitPilot's closest real capability is /permit-intelligence.,"New domain model, tables, RLS and service layer would be required before any UI work.",None. Do not build the UI ahead of a real backend.,Needs a feasibility scoring model and an owner.,P3,Medium,L,Backlog — revisit after visual alignment phases complete,No acceptance criteria yet. Promote to a real phase only after a backend design exists and this matrix row is updated.,n/a — nothing to test until scope changes,Yes — needs a product decision on whether PermitPilot should own this domain,Consider whether /permit-intelligence already satisfies the client's feasibility intent before building anything new.
Command,Feasibility,Site Feasibility,/feasibility/site,static,none,Feasibility → Site,direct URL,signed-in,none,Site analysis,Interactive scoring,view only,—,—,static mock,Mock,Mock,direct URL only,src/pages/SiteFeasibility.tsx,src/App.tsx,—,L018,— (no PermitPilot equivalent),— (none),No,— (none),Not present in PermitPilot navigation,n/a — surface does not exist,— (none),None,None,Not implemented,Missing in PermitPilot,High,None — no PermitPilot surface to compare,None — no PermitPilot domain behind it,Defer,— (no route),n/a — label not adopted,Omit from PermitPilot navigation,n/a,Yes,"Medium — plausible future surface, but building it now would require mock data","No PermitPilot logic exists on this path, so nothing to preserve.",Interactive site scoring requires a scoring model PermitPilot does not have; Lovable's scores are invented.,"New domain model, tables, RLS and service layer would be required before any UI work.",None. Do not build the UI ahead of a real backend.,Depends on L017.,P3,Medium,L,Backlog — revisit after visual alignment phases complete,No acceptance criteria yet. Promote to a real phase only after a backend design exists and this matrix row is updated.,n/a — nothing to test until scope changes,Yes — needs a product decision on whether PermitPilot should own this domain,Lovable page is mock.
Onboarding,—,Client Authorization (LOA),/onboarding/authorization,static,none,sidebar → Onboarding › Client Authorization (LOA),/delivery/authorization (aliased),signed-in client,none,Sign LOA,Typed/drawn signature → PDF + storage,"create, submit",—,Signature dialog,Supabase + Storage,Fully connected,Working,always visible,src/pages/OnboardingAuthorization.tsx,src/App.tsx,—,L019,Admin authorizations (Preview placeholder only),/admin/authorizations (placeholder),No — no client signing route,src/pages/placeholders/AdminPreviewPlaceholders.tsx,Admin console card,Signed-in admin area,None — placeholder,None. PermitPilot has document storage and PDF paths but no client_authorizations table.,None,"Placeholder (labelled Preview only, PD-5)",Missing in PermitPilot,High,None — no signing UI,None — no authorization records,Defer,Undecided — would need /onboarding/authorization plus a real table,"If built, use ""Client Authorization (LOA)""","Onboarding group, client role only",n/a,Yes,"High — a signature UI that does not produce a stored, retrievable legal artifact is the worst possible fake",Preserve the existing placeholder's explicit 'Preview only' labelling so no one treats it as live.,"PermitPilot has no client-facing LOA signing route. /admin/authorizations is a Preview placeholder only, so there is no live authorization pipeline to attach a signing page to.","client_authorizations table, RLS, signature-to-PDF generation, storage bucket and retention policy.",None until the backend and legal review exist.,Legal review of e-signature handling; a records-retention decision; a client_authorizations schema.,P2,High,L,Backlog — requires legal sign-off before scoping,"Not scoped. Requires legal approval, a schema and an update to this row.",n/a — nothing to test until scope changes,Yes — legal and product sign-off required for e-signature capture,Directive confirmed: admin LOA/members/audit are Preview placeholders in PermitPilot and must not be presented as connected.
Delivery,—,Client Authorization (LOA),/delivery/authorization,redirect,none,sidebar → Delivery › Client Authorization (LOA),direct URL,signed-in client,none,Alias of onboarding LOA,Sign LOA,"create, submit",—,—,Supabase,Fully connected,Working,always visible,src/pages/OnboardingAuthorization.tsx,src/App.tsx,Duplicate route alias — inconsistency risk.,L020,— (no PermitPilot equivalent),— (none),No,— (none),Not present in PermitPilot navigation,n/a — surface does not exist,— (none),None,None,Not implemented,Missing in PermitPilot,High,None — no PermitPilot surface to compare,None — no PermitPilot domain behind it,Do not build,— (no route),n/a — label not adopted,Omit from PermitPilot navigation,n/a,Yes,High — duplicate routes over legal artifacts invite divergent behavior,"No PermitPilot logic exists on this path, so nothing to preserve.","Do not build. One canonical LOA route only, if and when L019 is approved.","New domain model, tables, RLS and service layer would be required before any UI work.",None. Do not build the UI ahead of a real backend.,No PermitPilot data model; no confirmed client requirement; no owner.,P3,Low,S,Out of scope — deferred indefinitely,No acceptance criteria: row is explicitly out of scope. This matrix must be updated (with an owner and a backend plan) before any work begins.,n/a — nothing to test until scope changes,No — the decision is already recorded as do-not-build. Reopening it requires a matrix update naming an owner and a backend plan.,Lovable notes: 'Duplicate route alias — inconsistency risk.'
Delivery,—,Operations Board,/operations,static,none,sidebar → Delivery › Operations Board,direct URL,signed-in,none,Monday-style board,Task groups,"view only, filter","Reimbursables, Scope & Pricing, PM Workflows",—,static mock,Mock,Mock,always visible,src/pages/OperationsBoard.tsx,src/App.tsx,—,L021,— (no PermitPilot equivalent),— (none),No,— (none),Not present in PermitPilot navigation,n/a — surface does not exist,— (none),None,None,Not implemented,Missing in PermitPilot,High,None — no PermitPilot surface to compare,None — no PermitPilot domain behind it,Defer,— (no route),n/a — label not adopted,Omit from PermitPilot navigation,n/a,Yes,"Medium — plausible future surface, but building it now would require mock data","No PermitPilot logic exists on this path, so nothing to preserve.",A Monday-style task board needs a task/group/assignment domain PermitPilot does not have. Reimbursables and scope-pricing tabs imply a financial model that also does not exist.,"New domain model, tables, RLS and service layer would be required before any UI work.",None. Do not build the UI ahead of a real backend.,"Needs a task domain, an assignment model and a pricing model.",P3,High,XL,Backlog — revisit after visual alignment phases complete,No acceptance criteria yet. Promote to a real phase only after a backend design exists and this matrix row is updated.,n/a — nothing to test until scope changes,Yes — needs a product decision on whether PermitPilot should own this domain,Lovable page is mock across all three tabs.
Delivery,—,Permit Filing (Guided Flow),/matrix/guided,static,none,sidebar → Delivery › Permit Filing,direct URL,signed-in,none,Guided filing wizard,Step through packet,submit,steps,—,static mock,Mock,Mock,always visible,src/pages/GuidedFlow.tsx,src/App.tsx,—,L022,Permit Wizard Filing,/permit-wizard-filing,Yes,src/pages/PermitWizardFiling.tsx; src/components/permit-wizard/StartFilingDialog.tsx,Sidebar → Permit Filing; project filing CTA,Signed-in via ProtectedLayoutRoute,"Supabase permit applications, project documents, portal_credentials",permitwizard-preflight; permitwizard-execute; epermit-submit; document-preparation-agent,Yes,Working,Strong functional match,High,Partial — Lovable's stepper chrome is cleaner; the underlying steps differ because PermitPilot's are real,PermitPilot is far ahead — Lovable steps through a mock packet; PermitPilot runs preflight and executes real portal submissions,Keep PP route,/permit-wizard-filing,"Use Lovable's ""Permit Filing"" label in the sidebar, pointing at /permit-wizard-filing",Delivery group in the sidebar,n/a,No,High — this surface performs real submissions; a cosmetic rebuild that bypasses preflight could file incorrectly,"Preserve the permitwizard-preflight → permitwizard-execute contract, credential handling, document mapping and every confirmation gate. Do not reorder or remove steps.","Do not replace real steps with Lovable's mock packet steps, and never submit without preflight.",None.,"Restyle the stepper, step headers and review panel using Lovable's visual language while leaving step logic untouched.",No live utility submissions during testing without explicit approval (shared Supabase on Railway development).,P1,High,M,Phase 4 — delivery and intelligence surfaces,Preflight still runs before execute; every existing confirmation gate remains; step order unchanged; no live submission triggered during verification.,"npx vitest run (permit wizard coverage); dry-run preflight only, no execute",Yes — approval required before any live submission test,Mapping confirmed: Lovable /matrix/guided ↔ PermitPilot /permit-wizard-filing.
Delivery,—,Response Matrix,/matrix/response,static,none,sidebar → Delivery › Response Matrix,direct URL,signed-in,none,Comment reconciliation,Draft/respond,edit,—,—,static mock,Mock,Mock,always visible,src/pages/ResponseMatrix.tsx,src/App.tsx,—,L023,Response Matrix,/response-matrix,Yes,src/pages/ResponseMatrix.tsx; src/pages/CommentReview.tsx; src/pages/ClassifiedComments.tsx,Sidebar → Response Matrix,Signed-in via ProtectedLayoutRoute,"Supabase parsed_comments, comment responses, project documents",parse-permit-comments; comment-parser-agent; discipline-classifier-agent; generate-response; generate-grounded-response; export-response-package,Yes,Working,Strong functional match,High,"Partial — Lovable's matrix grid, row density and status chips are the target styling",PermitPilot is far ahead — Lovable drafts against mock comments; PermitPilot parses real comment letters and generates grounded responses,Keep PP route,/response-matrix,"Keep ""Response Matrix""",Delivery group in the sidebar,n/a,No,"Medium — grid columns must map to real parsed_comments fields, not Lovable's invented ones","Preserve comment parsing, discipline classification, grounded response generation, citation references and the export package path. Response text generation must keep going through the existing edge functions.",Do not add matrix columns that parsed_comments cannot populate.,None.,"Adopt Lovable's matrix table shell, row grouping and status chips over the existing data hooks. This is the recommended first implementation row: highest visual payoff, real backing data, and no route or contract change.",None.,P0,Low,M,Phase 3 — core authenticated surfaces (recommended first row),Restyled matrix renders real parsed comments; response generation and export still work; no column shows placeholder data.,npx vitest run; manual comment-to-response round trip on a demo project,No,Recommended starting point per the audit directive. Not implemented in this documentation pass.
Delivery,—,Portal Harvest,/portals/harvest,static,none,sidebar → Delivery › Portal Harvest,direct URL,signed-in,none,Portal scraping status,View harvest runs,view only,—,—,static mock,Mock,Mock,always visible,src/pages/PortalHarvest.tsx,src/App.tsx,—,L024,Portal Data Viewer,/portal-data,Yes,src/pages/PortalDataViewer.tsx; scraper-service/app/routes/*,Sidebar → Portal Data,Signed-in via ProtectedLayoutRoute,Live scraper output + Supabase portal records,scraper-service HTTP API; check-portal-status; fetch-permit-data; permit-status-monitor,Yes,Working,Strong functional match,High,Partial — Lovable's harvest-run list styling is the target,PermitPilot is far ahead — Lovable shows mock harvest runs; PermitPilot shows real scraper results,Keep PP route,/portal-data,"Use ""Portal Harvest"" as the nav label if the client expects it, pointing at /portal-data",Delivery group in the sidebar,n/a,No,"Medium — run status must reflect real scraper state, never an optimistic mock","Preserve the scraper API contract, credential handling and portal status polling. Do not change scraper behavior for styling reasons.",Do not fabricate harvest-run history.,None.,"Adopt Lovable's run list, status badge and detail panel styling.",Scraper changes would need a Railway development deploy; styling alone does not.,P1,Medium,M,Phase 4 — delivery and intelligence surfaces,Restyled viewer shows real scraper runs and statuses; no scraper contract change; no fabricated runs.,node --test scraper-service/tests; manual /portal-data smoke,No,Mapping confirmed: Lovable /portals/harvest ↔ PermitPilot /portal-data.
Delivery,—,Master Matrix,/matrix,static,none,direct URL,—,signed-in,none,Umbrella matrix,View,view only,—,—,static mock,Mock,Mock,direct URL only,src/pages/MasterMatrix.tsx,src/App.tsx,—,L025,— (no PermitPilot equivalent),— (none),No,— (none),Not present in PermitPilot navigation,n/a — surface does not exist,— (none),None,None,Not implemented,Missing in PermitPilot,High,None — no PermitPilot surface to compare,None — no PermitPilot domain behind it,Do not build,— (no route),n/a — label not adopted,Omit from PermitPilot navigation,n/a,Yes,Medium — an umbrella page invites tiles for surfaces that do not exist,"No PermitPilot logic exists on this path, so nothing to preserve.",Do not build. /response-matrix and /permit-wizard-filing are already first-class sidebar entries.,"New domain model, tables, RLS and service layer would be required before any UI work.",None. Do not build the UI ahead of a real backend.,No PermitPilot data model; no confirmed client requirement; no owner.,P3,Low,S,Out of scope — deferred indefinitely,No acceptance criteria: row is explicitly out of scope. This matrix must be updated (with an owner and a backend plan) before any work begins.,n/a — nothing to test until scope changes,No — the decision is already recorded as do-not-build. Reopening it requires a matrix update naming an owner and a backend plan.,PermitPilot deliberately has no /matrix namespace.
Delivery,Matrix,Unified Matrix,/matrix/unified,static,none,direct URL,—,signed-in,none,Unified task matrix,View grouped tasks,view only,—,—,static mock,Mock,Mock,direct URL only,src/pages/UnifiedMatrix.tsx,src/App.tsx,—,L026,— (no PermitPilot equivalent),— (none),No,— (none),Not present in PermitPilot navigation,n/a — surface does not exist,— (none),None,None,Not implemented,Missing in PermitPilot,High,None — no PermitPilot surface to compare,None — no PermitPilot domain behind it,Do not build,— (no route),n/a — label not adopted,Omit from PermitPilot navigation,n/a,Yes,High — Lovable page is mock; replicating it would ship a convincing but empty surface,"No PermitPilot logic exists on this path, so nothing to preserve.",Do not build. Blocked on the task domain that L021 also requires.,"New domain model, tables, RLS and service layer would be required before any UI work.",None. Do not build the UI ahead of a real backend.,No PermitPilot data model; no confirmed client requirement; no owner.,P3,High,XL,Out of scope — deferred indefinitely,No acceptance criteria: row is explicitly out of scope. This matrix must be updated (with an owner and a backend plan) before any work begins.,n/a — nothing to test until scope changes,No — the decision is already recorded as do-not-build. Reopening it requires a matrix update naming an owner and a backend plan.,Lovable page is mock.
Delivery,Matrix,AI Workflow,/matrix/ai-workflow,static,none,header → New Workflow button,direct URL,signed-in,none,AI-orchestrated workflow lanes,Create/manage lanes,"create, edit",lanes,New Workflow dialog,local state + localStorage,UI only,Partial,direct URL only,src/pages/AiWorkflow.tsx,src/App.tsx,Persists to localStorage only.,L027,"Agent pipeline (backend only, no workflow UI)",— (no route),No,supabase/functions/intake-pipeline-agent; auto-router-agent; permit-classifier-agent; guardian-quality-agent; validate-completeness-agent,Not user-facing,Service-side,Supabase (per-agent tables) — no unified run log,intake-pipeline-agent; auto-router-agent; permit-classifier-agent; discipline-classifier-agent; guardian-quality-agent; validate-completeness-agent; license-validation-agent,Yes (backend),"Real backend, no UI",Backend match only,High,None — no workflow lane UI,"Inverted — PermitPilot has the real agents, Lovable has only the UI",Defer,Undecided — would need an agent run observability page,"If built, prefer ""Agent runs"" over ""AI Workflow""",Omit from PermitPilot navigation,n/a,Yes,High — lanes with no run data would be pure decoration,Preserve every existing agent edge function and its invocation path.,Do not replicate Lovable's localStorage persistence. Workflow state must live in Supabase or not exist.,"An agent_runs table with status, timing and error capture, written by the existing agent functions.",None until run data is persisted.,Needs an agent_runs schema and a decision on retention.,P2,Medium,L,Backlog — pairs with L033,Not scoped. Requires an agent_runs schema first.,n/a — nothing to test until scope changes,Yes — needs a product decision on whether PermitPilot should own this domain,"This row and L033 are the same underlying gap: real agents, no observability surface."
Delivery,—,Raze Permit,/raze,static,none,direct URL,—,signed-in,none,Demolition permit workflow,View,view only,—,—,static mock,Mock,Mock,direct URL only,src/pages/RazePermit.tsx,src/App.tsx,—,L028,— (no PermitPilot equivalent),— (none),No,— (none),Not present in PermitPilot navigation,n/a — surface does not exist,— (none),None,None,Not implemented,Missing in PermitPilot,High,None — no PermitPilot surface to compare,None — no PermitPilot domain behind it,Do not build,— (no route),n/a — label not adopted,Omit from PermitPilot navigation,n/a,Yes,High — Lovable page is mock; replicating it would ship a convincing but empty surface,"No PermitPilot logic exists on this path, so nothing to preserve.","Do not build. If demolition permits become a requirement, extend the existing permit application domain rather than adding a separate page.","New domain model, tables, RLS and service layer would be required before any UI work.",None. Do not build the UI ahead of a real backend.,No PermitPilot data model; no confirmed client requirement; no owner.,P3,High,XL,Out of scope — deferred indefinitely,No acceptance criteria: row is explicitly out of scope. This matrix must be updated (with an owner and a backend plan) before any work begins.,n/a — nothing to test until scope changes,No — the decision is already recorded as do-not-build. Reopening it requires a matrix update naming an owner and a backend plan.,Lovable page is mock.
Intelligence,—,DesignCheck (Compliance),/compliance,static,none,sidebar → Intelligence › DesignCheck,direct URL,signed-in,none,Compliance overview,View findings,view only,—,—,static mock,Mock,Mock,always visible,src/pages/Compliance.tsx,src/App.tsx,Sidebar badge 8.,L029,Code Compliance,/code-compliance,Yes,src/pages/CodeCompliance.tsx,Sidebar → Code Compliance,Signed-in via ProtectedLayoutRoute,Supabase compliance findings + uploaded drawings,analyze-drawing; ingest-project-document; context-reference-engine,Yes,Working,Partial match,High,Partial — Lovable splits landing and analyzer into two pages; PermitPilot has one,"PermitPilot is ahead — Lovable's landing page is mock, PermitPilot's findings are real",Fold into existing PP surface,/code-compliance,"Use ""DesignCheck"" only if the client insists; otherwise keep ""Code Compliance""",Intelligence group in the sidebar,n/a,No,"Medium — an overview band must summarise real findings, not invented counts","Preserve the analyze-drawing invocation, findings queries and document ingestion path.","Do not replicate Lovable's hard-coded sidebar badge of 8, and do not split the page in two just to mirror Lovable's structure.",None.,Adopt Lovable's overview band and findings-card styling on the single existing page.,None.,P2,Low,M,Phase 4 — delivery and intelligence surfaces,One /code-compliance page carries both overview and analyzer content; every count derives from a real query.,Manual drawing upload and analysis smoke on a demo project,No,L029 and L031 both resolve to /code-compliance; PermitPilot deliberately does not split them.
Intelligence,Compliance,Compliance Intelligence,/compliance/intelligence,static,none,direct URL,—,signed-in,none,Scoring dashboard,View,view only,—,—,static mock,Mock,Mock,direct URL only,src/pages/ComplianceIntelligence.tsx,src/App.tsx,—,L030,Code Compliance findings (unscored),/code-compliance,No,src/pages/CodeCompliance.tsx,Not present in PermitPilot navigation,n/a — surface does not exist,Supabase compliance findings,analyze-drawing,Partial,"Findings exist, no scoring",Missing in PermitPilot,High,None — no PermitPilot surface to compare,"Weak — real findings, no score model",Defer,— (no route),n/a — label not adopted,Omit from PermitPilot navigation,n/a,Yes,"Medium — plausible future surface, but building it now would require mock data","No PermitPilot logic exists on this path, so nothing to preserve.","A separate compliance scoring dashboard would need a scoring model; PermitPilot's compliance data is finding-level, not scored.","New domain model, tables, RLS and service layer would be required before any UI work.",None. Do not build the UI ahead of a real backend.,Needs an agreed compliance scoring methodology.,P3,Medium,L,Backlog — revisit after visual alignment phases complete,No acceptance criteria yet. Promote to a real phase only after a backend design exists and this matrix row is updated.,n/a — nothing to test until scope changes,Yes — needs a product decision on whether PermitPilot should own this domain,Lovable page is mock.
Intelligence,Compliance,Code Analyzer,/compliance/analyzer,static,none,sidebar → Intelligence › Code Analyzer,direct URL,signed-in,none,Upload drawings for AI analysis,"Upload, presets, edit notes, run analysis","upload, create, edit, delete, export",—,Preset notes editor,Supabase edge function analyze-compliance-drawings,Partially connected,Partial,always visible,src/pages/ComplianceAnalyzer.tsx,src/App.tsx,Presets persist locally.,L031,Code Compliance (drawing analyzer),/code-compliance,Yes,src/pages/CodeCompliance.tsx; supabase/functions/analyze-drawing,Sidebar → Code Compliance,Signed-in via ProtectedLayoutRoute,Uploaded drawings in Supabase Storage + analysis results,analyze-drawing; ingest-project-document; document-ingestion-worker,Yes,Working,Strong functional match,High,Partial — Lovable's upload panel and results list styling is the target,"Strong on both sides, and PermitPilot's ingestion path is more complete",Fold into existing PP surface,/code-compliance,"Use ""Code Analyzer"" as a section heading inside /code-compliance",Section of the Code Compliance page; no separate nav entry,n/a,No,Low — both sides call a real analysis function,"Preserve the analyze-drawing contract, upload validation, storage paths and the document ingestion worker handoff.",Do not persist analyzer presets to localStorage the way Lovable does; PermitPilot settings belong in Supabase.,None.,"Adopt Lovable's upload dropzone, preset panel and results list styling.",None.,P1,Medium,M,Phase 4 — delivery and intelligence surfaces,Upload and analysis still complete end to end; results bind to real analysis output; no preset stored outside Supabase.,Manual upload and analyze on a demo project; check the analyze-drawing function logs,No,Directive confirmed: Lovable Code Analyzer ↔ PermitPilot /code-compliance.
Intelligence,Compliance,Internal Prescreen,/compliance/prescreen,static,none,direct URL,—,staff/admin,none,Staff prescreen,Review,review,—,—,static mock,Mock,Mock,direct URL only,src/pages/InternalPrescreen.tsx,src/App.tsx,—,L032,Validation agents (backend only),— (no route),No,supabase/functions/validate-completeness-agent; guardian-quality-agent,Not user-facing,Service-side,"Agent outputs, no review queue",validate-completeness-agent; guardian-quality-agent; license-validation-agent,Yes (backend),"Real backend, no review UI",Backend match only,High,None — no prescreen UI,"Inverted — PermitPilot has real validation, Lovable has only the review screen",Defer,Undecided,n/a — label not adopted,Omit from PermitPilot navigation,n/a,Yes,Medium — a review queue without assignment or state would be decorative,Preserve the validation agent invocations already wired into intake.,PermitPilot has the validation agents but no staff prescreen review queue or reviewer assignment model.,A prescreen queue with reviewer assignment and review state.,None until the queue exists.,Needs a staff review workflow definition.,P2,Medium,M,Backlog,Not scoped. Requires a review queue schema.,n/a — nothing to test until scope changes,Yes — needs a product decision on whether PermitPilot should own this domain,Real validation agents exist; only the human review surface is missing.
Intelligence,—,Agent Center,/agents,static,none,direct URL,—,signed-in,none,AI agent registry,View agents,view only,—,—,static mock,Mock,Mock,direct URL only,src/pages/AgentCenter.tsx,src/App.tsx,—,L033,"Agent functions (backend only, no registry UI)",— (no route),No,"supabase/functions/* (auto-router-agent, comment-parser-agent, permit-classifier-agent, discipline-classifier-agent, intake-pipeline-agent, property-intelligence-agent, guardian-quality-agent, validate-completeness-agent, license-validation-agent, document-preparation-agent)",Not user-facing,Service-side,Per-agent outputs; no unified registry or run log,10+ agent edge functions,Yes (backend),"Real backend, no UI",Backend match only,High,None — no registry UI,Inverted — PermitPilot's agents are real; Lovable's registry is a static list,Defer,Undecided — pairs with L027,n/a — label not adopted,Omit from PermitPilot navigation,n/a,Yes,High — a registry showing 'healthy' without real telemetry would actively mislead,Preserve all agent functions and their invocation paths.,"PermitPilot runs 12+ real agent functions but persists no run history, so an agent registry page would list capabilities without status.","Shared agent_runs telemetry (status, duration, error) written by every agent function.",None until telemetry exists.,Same agent_runs schema as L027.,P2,Medium,L,Backlog — pairs with L027,Not scoped. Requires agent run telemetry.,n/a — nothing to test until scope changes,Yes — needs a product decision on whether PermitPilot should own this domain,Strongest example of PermitPilot being ahead of Lovable on the backend and behind on the UI.
Intelligence,—,Document Vault,/documents,static,none,direct URL,—,signed-in,none,Document library,Browse files,view only,—,—,static mock,Mock,Mock,direct URL only,src/pages/DocumentVault.tsx,src/App.tsx,—,L034,"Project documents (contextual, no vault page)",/uci?section=application-builder (Documents drawer tab); /portal-data,"Partial — document surfaces exist, no vault route",src/pages/UciDashboard.tsx (documents tab); document-ingestion-worker/; supabase/functions/ingest-project-document,Inside the UCI coordination drawer,Signed-in; documents RLS-scoped per project,Supabase project documents + Storage,ingest-project-document; document-ingestion-worker; document-preparation-agent,Yes,Working (contextual),Backend match only,High,Weak — no cross-project document browser,Strong on storage and ingestion; missing only the aggregate view,Defer,Undecided — a cross-project document view could be added later,"If built, use ""Documents""",Omit from PermitPilot navigation,n/a,Yes,Low — real documents exist; the risk is only scope creep,"Preserve ingestion, storage paths, RLS scoping and the document mapping used by permit filing.",Do not build a vault that bypasses per-project RLS scoping.,A cross-project document listing query respecting RLS.,Deferred: a document browser page over that query.,Needs a decision on cross-project document visibility rules.,P2,Medium,M,Backlog,Not scoped. Any vault must respect existing RLS scoping.,n/a — nothing to test until scope changes,Yes — cross-project document visibility is a permissions decision,Documents are real in PermitPilot; only the aggregate browser is absent.
Intelligence,—,Content Studio,/content-studio,static,none,direct URL,—,signed-in,none,Content authoring,Compose,edit,—,—,local state,UI only,Placeholder,direct URL only,src/pages/ContentStudio.tsx,src/App.tsx,—,L035,— (no PermitPilot equivalent),— (none),No,— (none),Not present in PermitPilot navigation,n/a — surface does not exist,— (none),None,None,Not implemented,Missing in PermitPilot,High,None — no PermitPilot surface to compare,None — no PermitPilot domain behind it,Do not build,— (no route),n/a — label not adopted,Omit from PermitPilot navigation,n/a,Yes,High — Lovable page is mock; replicating it would ship a convincing but empty surface,"No PermitPilot logic exists on this path, so nothing to preserve.",Do not build. Lovable's Content Studio is a UI-only placeholder with local state.,"New domain model, tables, RLS and service layer would be required before any UI work.",None. Do not build the UI ahead of a real backend.,No PermitPilot data model; no confirmed client requirement; no owner.,P3,Medium,L,Out of scope — deferred indefinitely,No acceptance criteria: row is explicitly out of scope. This matrix must be updated (with an owner and a backend plan) before any work begins.,n/a — nothing to test until scope changes,No — the decision is already recorded as do-not-build. Reopening it requires a matrix update naming an owner and a backend plan.,"Lovable status is Placeholder, backend UI only."
Intelligence,—,Platform Architecture,/architecture,static,none,direct URL,—,signed-in,none,Architecture reference,View diagrams,view only,—,—,static,UI only,Working,direct URL only,src/pages/PlatformArchitecture.tsx,src/App.tsx,Different from /architecture-inventory.,L036,MVP Documentation + API Documentation,/mvp-documentation; /api-docs,Yes,src/pages/MVPDocumentation.tsx; src/pages/APIDocumentation.tsx,Direct URL; documentation links,Signed-in via ProtectedLayoutRoute,Static curated documentation,None,None (static by design),Working,Partial match,Medium,Partial — both are static reference pages with different structure,"Comparable — both are documentation surfaces, legitimately static",Fold into existing PP surface,/mvp-documentation,"Keep ""MVP Documentation""; do not introduce ""Platform Architecture""",Documentation links only; not a primary sidebar entry,n/a,No,None — static documentation is honestly static,Preserve the existing documentation content; restyling must not drop sections.,Do not add a third architecture page. This matrix is the architecture source of truth.,None.,Optional low-priority typography and layout alignment.,None.,P3,Low,S,Phase 7 — documentation and polish,Documentation pages keep all content after restyling; no new architecture page added.,Manual visit to /mvp-documentation and /api-docs,No,Lovable has both /architecture and /architecture-inventory; PermitPilot consolidates into repo docs plus these two pages.
Utility Coordination,—,UCI Hub,/uci,static,none,sidebar → Intelligence › Utility Coordination,dashboard/uci tab,role-gated (admin/staff/client),none,UCI landing,View UCI KPIs,navigate,—,—,static mock,Mock,Mock,role-based,src/pages/UciDashboard.tsx (via RequireUciAccess),src/App.tsx,Same component reused at /dashboard/uci unguarded.,L037,UCI Hub (Utility Coordination),/uci,Yes,src/pages/UciDashboard.tsx; src/lib/uciNavSections.ts; src/components/layout/UciSidebarNav.tsx,Sidebar → Utility Coordination (expandable group),"Signed-in via ProtectedLayoutRoute, inside an ErrorBoundary","Live scraper + Supabase UCI coordination records, per project",scraper-service /api/uci; uci-pepco-discovery.service; check-portal-status,Yes,Working,Strong functional match,High,"Partial — PermitPilot's hub already exceeds Lovable's; alignment is about chrome, not content",PermitPilot is far ahead — Lovable's hub is static mock KPIs,Keep PP route,/uci,"Use ""Utility Coordination"" as the group label and ""Overview"" for this section",Expandable sidebar group with section children,/uci?section=overview,No,Medium — KPI tiles must stay bound to live rollups,"Preserve the live scraper integration, coordination records, stage rail, attention queue, per-project scoping and the ErrorBoundary wrapper.",Do not split the hub into Lovable's nine separate /uci/* routes.,None.,"Align KPI band, stage rail and record table styling with Lovable's UCI hub.",None.,P0,Medium,M,Phase 3 — core authenticated surfaces,Hub renders live coordination data with the new styling; all existing UCI vitest suites pass; no new /uci/* route added.,npx vitest run src/pages/uciDashboard.*.test.ts,No,src/App.tsx lines 166-175; the expandable nav vocabulary is already in src/lib/uciNavSections.ts.
Utility Coordination,UCI,UCI · Submissions,/uci/submissions,static,none,sidebar → Intelligence › UCI · Submissions,direct URL,role-gated,none,Submission tracker,View submissions,view only,—,—,static mock,Mock,Mock,role-based,src/pages/UciSubmissions.tsx,src/App.tsx,—,L038,Submissions,/uci?section=submissions&tab=application-prep,"Partial — section of /uci, not a standalone route",src/pages/UciDashboard.tsx; src/lib/uciNavSections.ts; src/components/layout/UciSidebarNav.tsx,"Expandable sidebar → Utility Coordination › Submissions (UciSidebarNav, support=""partial"")",Signed-in via ProtectedLayoutRoute; UCI data scoped per project,Live scraper + Supabase UCI coordination records (per project),scraper-service /api/uci; check-portal-status,Partial,Partial,Partial match,High,Partial — per-record submission tracking exists; no cross-project submissions table,"Partial — real per-record submissions, no portfolio-wide view",Deep link (query param),/uci?section=submissions,"Use Lovable label ""Submissions"" in the UCI sidebar",UCI expandable sidebar group; no top-level nav entry,"uciSectionHref(""submissions"") → tab ""application-prep""",No,Low — deep link lands on real data,Preserve per-record submission and tracking behavior in the Application prep drawer tab.,Do not create a /uci/submissions route. The directive is explicit: use ?section= instead.,"A cross-project submissions rollup query, if a portfolio view is later required.",Ensure the sidebar entry deep-links to ?section=submissions and the partial-support banner stays visible.,Requires an open coordination record before the drawer tab can render.,P1,Low,S,Phase 3 — core authenticated surfaces,Clicking Submissions lands on the Application prep tab of a real record and the 'cross-project hub not connected' note remains visible.,npx vitest run src/pages/uciDashboard.*.test.ts,No,"UCI_NAV_SECTIONS declares support=""partial"" with target drawer-tab application-prep."
Utility Coordination,UCI,UCI · Inbox / Communications,/uci/communications,static,none,sidebar → Intelligence › UCI · Inbox,direct URL,role-gated,none,Utility comms inbox,View messages,view only,—,—,static mock,Mock,Mock,role-based,src/pages/UciCommunications.tsx,src/App.tsx,—,L039,Communications / Inbox,/uci?section=communications&tab=communications,"Partial — section of /uci, not a standalone route",src/pages/UciDashboard.tsx; src/lib/uciNavSections.ts; src/components/layout/UciSidebarNav.tsx,"Expandable sidebar → Utility Coordination › Communications / Inbox (UciSidebarNav, support=""partial"")",Signed-in via ProtectedLayoutRoute; UCI data scoped per project,Live scraper + Supabase UCI coordination records (per project),scraper-service /api/uci; check-portal-status,Partial,Partial,Partial match,High,Partial — per-record portal communications exist; no cross-project inbox,"Partial — real portal messages per record, no unified inbox",Deep link (query param),/uci?section=communications,"Use Lovable label ""Communications / Inbox"" in the UCI sidebar",UCI expandable sidebar group; no top-level nav entry,"uciSectionHref(""communications"") → tab ""communications""",No,Low — deep link lands on real data,Preserve per-record portal communications retrieval.,"Do not create /uci/communications, and do not present a cross-project inbox that does not exist.","A cross-project message rollup, if an inbox is later required.",Style the communications drawer tab; keep the partial-support banner.,Requires an open coordination record before the drawer tab can render.,P1,Low,S,Phase 3 — core authenticated surfaces,Communications deep link opens the real per-record thread with the not-connected note intact.,npx vitest run src/pages/uciDashboard.*.test.ts,No,"UCI_NAV_SECTIONS support=""partial"", target drawer-tab communications."
Utility Coordination,UCI,UCI · Class of Service,/uci/class-of-service,static,none,sidebar → Intelligence › UCI · Class of Service,direct URL,role-gated,none,Class-of-service catalog,Browse,view only,—,—,static mock,Mock,Mock,role-based,src/pages/UciClassOfService.tsx,src/App.tsx,—,L040,Class of Service,/uci?section=class-of-service&tab=cos,"Partial — section of /uci, not a standalone route",src/pages/UciDashboard.tsx; src/lib/uciNavSections.ts; src/components/layout/UciSidebarNav.tsx,"Expandable sidebar → Utility Coordination › Class of Service (UciSidebarNav, support=""partial"")",Signed-in via ProtectedLayoutRoute; UCI data scoped per project,Live scraper + Supabase UCI coordination records (per project),scraper-service /api/uci; check-portal-status,Partial,Partial,Partial match,High,Partial — per-record COS analysis exists; no predictive portfolio table,"Partial — real COS per record, no portfolio prediction",Deep link (query param),/uci?section=class-of-service,"Use Lovable label ""Class of Service"" in the UCI sidebar",UCI expandable sidebar group; no top-level nav entry,"uciSectionHref(""class-of-service"") → tab ""cos""",No,Low — deep link lands on real data,Preserve per-record COS analysis logic.,"Do not create /uci/class-of-service, and do not fabricate a predictive portfolio COS table.","A portfolio COS model, only if the client requires prediction.",Style the COS drawer tab; keep the partial-support banner.,Requires an open coordination record before the drawer tab can render.,P1,Low,S,Phase 3 — core authenticated surfaces,COS deep link opens the real per-record analysis; no predictive table is shown.,npx vitest run src/pages/uciDashboard.*.test.ts,No,"UCI_NAV_SECTIONS support=""partial"", target drawer-tab cos."
Utility Coordination,UCI,UCI · CIAC & Refunds,/uci/ciac,static,none,sidebar → Intelligence › UCI · CIAC & Refunds,direct URL,role-gated,none,CIAC deposits,Browse,view only,—,—,static mock,Mock,Mock,role-based,src/pages/UciCiac.tsx,src/App.tsx,—,L041,CIAC & Refunds,/uci?section=ciac&tab=costs,"Partial — section of /uci, not a standalone route",src/pages/UciDashboard.tsx; src/lib/uciNavSections.ts; src/components/layout/UciSidebarNav.tsx,"Expandable sidebar → Utility Coordination › CIAC & Refunds (UciSidebarNav, support=""partial"")",Signed-in via ProtectedLayoutRoute; UCI data scoped per project,Live scraper + Supabase UCI coordination records (per project),scraper-service /api/uci; check-portal-status,Partial,Partial,Partial match,Medium,"Weak — CIAC appears as generic cost rows, not a dedicated refund tracker",Partial — CIAC amounts can be recorded; refund windows are not tracked,Deep link (query param),/uci?section=ciac,"Use Lovable label ""CIAC & Refunds"" in the UCI sidebar",UCI expandable sidebar group; no top-level nav entry,"uciSectionHref(""ciac"") → tab ""costs""",No,Low — deep link lands on real data,Preserve the existing cost-row model that CIAC entries use today.,"Do not create /uci/ciac, and do not show refund-window countdowns that nothing computes.","A refund-window model (deposit date, refund deadline, status) before any tracker UI.",Style the Costs drawer tab; keep the 'refund tracker not connected' note.,Requires an open coordination record before the drawer tab can render.,P2,Low,S,Phase 4 — delivery and intelligence surfaces,CIAC deep link opens the real Costs tab; no refund-window UI appears without a backing model.,npx vitest run src/pages/uciDashboard.*.test.ts,Yes — a refund-window model needs a product decision,UCI_NAV_SECTIONS note: 'Dedicated refund-window tracker is not connected yet.'
Utility Coordination,UCI,UCI · Energization,/uci/energization,static,none,sidebar → Intelligence › UCI · Energization,direct URL,role-gated,none,Energization tracking,View,view only,—,—,static mock,Mock,Mock,role-based,src/pages/UciEnergization.tsx,src/App.tsx,—,L042,Energization,/uci?section=energization&tab=costs,"Partial — section of /uci, not a standalone route",src/pages/UciDashboard.tsx; src/lib/uciNavSections.ts; src/components/layout/UciSidebarNav.tsx,"Expandable sidebar → Utility Coordination › Energization (UciSidebarNav, support=""partial"")",Signed-in via ProtectedLayoutRoute; UCI data scoped per project,Live scraper + Supabase UCI coordination records (per project),scraper-service /api/uci; check-portal-status,Partial,Partial,Partial match,Medium,Weak — energization dates exist; no multi-party choreography timeline,"Partial — real dates and meter-set/closeout data, no orchestration view",Deep link (query param),/uci?section=energization,"Use Lovable label ""Energization"" in the UCI sidebar",UCI expandable sidebar group; no top-level nav entry,"uciSectionHref(""energization"") → tab ""costs""",No,Low — deep link lands on real data,Preserve energization dates and the meter-set/closeout checklist generation.,"Do not create /uci/energization, and do not render a choreography timeline with invented participants.","A multi-party scheduling model, if choreography is required.",Style the Costs drawer tab; keep the partial-support note.,Requires an open coordination record before the drawer tab can render.,P2,Low,S,Phase 4 — delivery and intelligence surfaces,Energization deep link opens real dates; no fabricated timeline.,npx vitest run src/pages/uciDashboard.*.test.ts,No,UCI_NAV_SECTIONS note: 'Multi-party choreography timeline is not connected yet.'
Utility Coordination,UCI,UCI · Miss Utility 811,/uci/miss-utility,static,none,sidebar → Intelligence › UCI · Miss Utility 811,direct URL,admin/staff only,none,811 tickets,View,view only,—,—,static mock,Mock,Mock,role-based,src/pages/UciMissUtility.tsx,src/App.tsx,—,L043,Miss Utility,/uci?section=miss-utility,"Partial — section of /uci, not a standalone route",src/pages/UciDashboard.tsx; src/lib/uciNavSections.ts; src/components/layout/UciSidebarNav.tsx,"Expandable sidebar → Utility Coordination › Miss Utility (UciSidebarNav, support=""mock"")",Signed-in via ProtectedLayoutRoute; UCI data scoped per project,None — labelled coming-soon panel,None,None,"Coming-soon panel (labelled, no data)",Missing in PermitPilot,High,None — labelled coming-soon panel only,None — no 811 ticket domain in PermitPilot,Do not build,/uci?section=miss-utility,"Use Lovable label ""Miss Utility"" in the UCI sidebar",UCI expandable sidebar group; no top-level nav entry,"uciSectionHref(""miss-utility"")",No,"High — must stay a labelled coming-soon panel, never a mock data table",Preserve the coming-soon panel's explicit 'no backend yet' labelling.,"Do not build an 811 ticket table. There is no PermitPilot backend for Miss Utility tickets, and 811 is a regulated notification process — a fake ticket UI could imply a locate request was filed when it was not.",An 811 ticket domain plus a real integration with the state notification centre.,None. Keep the coming-soon panel.,No 811 integration; regulatory implications.,P3,High,L,Out of scope — coming-soon panel only,?section=miss-utility continues to render the labelled coming-soon panel and nothing that looks like a real ticket list.,Manual visit to /uci?section=miss-utility,Yes — regulated process; needs explicit approval,UCI_NAV_SECTIONS note: 'No PermitPilot backend for 811 / Miss Utility tickets yet.'
Utility Coordination,UCI,UCI · Knowledge Graph,/uci/knowledge-graph,static,none,sidebar → Intelligence › UCI · Knowledge Graph,direct URL,admin/staff only,none,Utility knowledge graph,Explore graph,view only,—,—,static mock,Mock,Mock,role-based,src/pages/UciKnowledgeGraph.tsx,src/App.tsx,—,L044,Knowledge Graph,/uci?section=knowledge-graph,"Partial — section of /uci, not a standalone route",src/pages/UciDashboard.tsx; src/lib/uciNavSections.ts; src/components/layout/UciSidebarNav.tsx,"Expandable sidebar → Utility Coordination › Knowledge Graph (UciSidebarNav, support=""mock"")",Signed-in via ProtectedLayoutRoute; UCI data scoped per project,None — labelled coming-soon panel,None,None,"Coming-soon panel (labelled, no data)",Missing in PermitPilot,High,None — labelled coming-soon panel only,None — no graph/nodes backend,Do not build,/uci?section=knowledge-graph,"Use Lovable label ""Knowledge Graph"" in the UCI sidebar",UCI expandable sidebar group; no top-level nav entry,"uciSectionHref(""knowledge-graph"")",No,"High — must stay a labelled coming-soon panel, never a mock data table",Preserve the coming-soon labelling.,Do not build a graph explorer. PermitPilot has no graph or node storage; every edge would be invented.,A graph schema plus an entity-resolution pipeline.,None.,No graph domain; no owner.,P3,High,XL,Out of scope — coming-soon panel only,?section=knowledge-graph stays a labelled coming-soon panel.,Manual visit to /uci?section=knowledge-graph,Yes,UCI_NAV_SECTIONS note: 'No PermitPilot graph/nodes backend yet.'
Utility Coordination,UCI,UCI Application Builder,/uci/application-builder,static,none,sidebar → Intelligence › UCI Builder,direct URL,admin/staff only,none,Assemble UCI packet,Compose fields,"create, edit",—,—,local state,UI only,Placeholder,role-based,src/pages/UciApplicationBuilder.tsx,src/App.tsx,—,L045,Application Builder,/uci?section=application-builder&tab=application-prep,"Partial — section of /uci, not a standalone route",src/pages/UciDashboard.tsx; src/lib/uciNavSections.ts; src/components/layout/UciSidebarNav.tsx,"Expandable sidebar → Utility Coordination › Application Builder (UciSidebarNav, support=""active"")",Signed-in via ProtectedLayoutRoute; UCI data scoped per project,Live scraper + Supabase UCI coordination records (per project),scraper-service /api/uci; check-portal-status,Yes,Working,Strong functional match,High,Partial — PermitPilot's Application prep is richer than Lovable's builder,"PermitPilot is far ahead — Lovable's builder is a UI-only placeholder; PermitPilot builds, maps documents, reviews and submits",Deep link (query param),/uci?section=application-builder,"Use Lovable label ""Application Builder"" in the UCI sidebar",UCI expandable sidebar group; no top-level nav entry,"uciSectionHref(""application-builder"") → tab ""application-prep""",No,Low — deep link lands on real data,"Preserve the build / map documents / review / submit flow and its document mapping logic, which has dedicated vitest coverage.","Do not create /uci/application-builder, and do not simplify the real four-step flow to match Lovable's placeholder.",None.,Style the Application prep drawer tab to match Lovable's builder chrome.,Requires an open coordination record.,P1,Medium,S,Phase 3 — core authenticated surfaces,"Application prep still builds, maps documents, reviews and submits; document-mapping tests pass.",npx vitest run src/pages/uciDashboard.documentMapping.test.ts,No,"UCI_NAV_SECTIONS support=""active"": 'Real Application prep (build / map docs / review / submit).'"
Utility Coordination,—,Jurisdiction Map,/utility-map,static,none,sidebar → Intelligence › Jurisdiction Map,direct URL,signed-in,none,Utility map view,Explore map,view only,—,—,static,Mock,Mock,always visible,src/pages/UtilityMap.tsx,src/App.tsx,—,L046,Jurisdiction Map,/jurisdictions/map,Yes,src/pages/JurisdictionMapPage.tsx; scraper-service/data/territory/electric-full-v2/*,Sidebar → Jurisdiction Map; also /uci?section=provider-map redirects here,Signed-in via ProtectedLayoutRoute,Real utility territory GeoJSON (19 states) + county-utility reconciliation datasets,get-mapbox-token; scraper-service territory datasets,Yes,Working,Strong functional match,High,Partial — Lovable's map chrome and legend styling is the target,PermitPilot is far ahead — Lovable's map is static; PermitPilot renders real service-territory geometry,Keep PP route,/jurisdictions/map,"Keep ""Jurisdiction Map""",Intelligence group in the sidebar; also the target of the UCI Provider Map section,/uci?section=provider-map navigates here (kind: external),No,Low — the territory data is real and validated,"Preserve the Mapbox token flow (get-mapbox-token), territory GeoJSON loading and the footprint validation datasets.",Do not hard-code a Mapbox token or bundle a reduced territory dataset for styling convenience.,None.,"Align map container, legend and filter styling with Lovable's map view.",None.,P1,Medium,M,Phase 4 — delivery and intelligence surfaces,Map renders all territory layers with the new chrome; token retrieval unchanged; UCI provider-map deep link still lands here.,node --test scraper-service/tests (territory footprint suites); manual map smoke,No,"uciNavSections provider-map target is { kind: 'external', href: '/jurisdictions/map' } — explicitly 'not a mock provider map'."
Utility Coordination,—,Provider Compare,/utility/provider-map,static,none,sidebar → Intelligence › Provider Compare,direct URL,signed-in,none,Provider comparison,Compare providers,filter,—,—,src/data/utilityProviders.ts + edge fn utility-recommendations,Partially connected,Partial,always visible,src/pages/UtilityProviderMap.tsx,src/App.tsx,—,L047,Jurisdiction Comparison,/jurisdictions/compare (alias /jurisdiction-comparison),Yes,src/pages/JurisdictionComparison.tsx,Sidebar → Compare Jurisdictions,Signed-in via ProtectedLayoutRoute,Real jurisdiction dataset + utility provider directory,Supabase jurisdiction tables; scraper-service provider directory,Yes,Working,Partial match,Medium,"Partial — Lovable compares utility providers, PermitPilot compares jurisdictions; the comparison-table pattern is shared",Partial — PermitPilot's comparison is real but oriented to jurisdictions rather than providers,Fold into existing PP surface,/jurisdictions/compare,"Keep ""Compare Jurisdictions""; use ""Provider Map"" only for the UCI section that links to the map",Intelligence group in the sidebar,/jurisdiction-comparison is an existing alias of the same page,No,Medium — do not add provider comparison columns the directory cannot fill,Preserve the jurisdiction comparison queries and the provider directory metadata.,Do not build a second provider-comparison page; the UCI Provider Map section already routes to the real map.,"Provider-level comparison fields, only if the client specifically needs provider-vs-provider comparison.",Adopt Lovable's comparison-table styling on the existing page.,None.,P2,Medium,M,Phase 4 — delivery and intelligence surfaces,Comparison table restyled with real jurisdiction data; both existing route aliases still resolve.,Manual visit to /jurisdictions/compare and /jurisdiction-comparison,Yes — confirm whether the client wants jurisdiction or provider comparison,src/App.tsx lines 125-126 declare both routes for the same component.
Utility Coordination,—,Cross-Utility Conflict Hunter,/utility/conflict-hunter,static,none,direct URL,—,signed-in,none,Conflict detection,View,view only,—,—,static mock,Mock,Mock,direct URL only,src/pages/CrossUtilityConflictHunter.tsx,src/App.tsx,—,L048,Conflict Hunter,/uci?section=conflict-hunter,"Partial — section of /uci, not a standalone route",src/pages/UciDashboard.tsx; src/lib/uciNavSections.ts; src/components/layout/UciSidebarNav.tsx,"Expandable sidebar → Utility Coordination › Conflict Hunter (UciSidebarNav, support=""mock"")",Signed-in via ProtectedLayoutRoute; UCI data scoped per project,None — labelled coming-soon panel,None,None,"Coming-soon panel (labelled, no data)",Missing in PermitPilot,High,None — labelled coming-soon panel only,None — no conflict-detection service,Do not build,/uci?section=conflict-hunter,"Use Lovable label ""Conflict Hunter"" in the UCI sidebar",UCI expandable sidebar group; no top-level nav entry,"uciSectionHref(""conflict-hunter"")",No,"High — must stay a labelled coming-soon panel, never a mock data table",Preserve the coming-soon labelling.,Do not build. A conflict detector that reports 'no conflicts' without analysing anything is actively dangerous on a utility coordination platform.,A cross-utility conflict detection service with real geometry and schedule inputs.,None.,No conflict-detection service.,P3,High,L,Out of scope — coming-soon panel only,?section=conflict-hunter stays a labelled coming-soon panel.,Manual visit to /uci?section=conflict-hunter,Yes,UCI_NAV_SECTIONS note: 'No conflict-detection service yet.'
Utility Coordination,—,Easement / ROW Manager,/utility/easements,static,none,direct URL,—,signed-in,none,Easement tracking,View,view only,—,—,static mock,Mock,Mock,direct URL only,src/pages/EasementRowManager.tsx,src/App.tsx,—,L049,Easement / Right of Way,/uci?section=easement,"Partial — section of /uci, not a standalone route",src/pages/UciDashboard.tsx; src/lib/uciNavSections.ts; src/components/layout/UciSidebarNav.tsx,"Expandable sidebar → Utility Coordination › Easement / Right of Way (UciSidebarNav, support=""mock"")",Signed-in via ProtectedLayoutRoute; UCI data scoped per project,None — labelled coming-soon panel,None,None,"Coming-soon panel (labelled, no data)",Missing in PermitPilot,High,None — labelled coming-soon panel only,None — no easement/ROW domain,Do not build,/uci?section=easement,"Use Lovable label ""Easement / Right of Way"" in the UCI sidebar",UCI expandable sidebar group; no top-level nav entry,"uciSectionHref(""easement"")",No,"High — must stay a labelled coming-soon panel, never a mock data table",Preserve the coming-soon labelling.,Do not build. Easements are legal instruments; a tracker with no records could imply rights that were never secured.,An easement/ROW domain with document linkage.,None.,No easement domain; legal review needed.,P3,High,L,Out of scope — coming-soon panel only,?section=easement stays a labelled coming-soon panel.,Manual visit to /uci?section=easement,Yes,UCI_NAV_SECTIONS note: 'No easement / ROW domain yet.'
Utility Coordination,—,Load Profile Analyzer,/utility/load-profile,static,none,direct URL,—,signed-in,none,Load analysis,Analyze load,"upload, view",—,—,local state + Supabase,Partially connected,Partial,direct URL only,src/pages/LoadProfileAnalyzer.tsx,src/App.tsx,Has vitest coverage.,L050,Load Profile,/uci?section=load-profile&tab=load-profile,"Partial — section of /uci, not a standalone route",src/pages/UciDashboard.tsx; src/lib/uciNavSections.ts; src/components/layout/UciSidebarNav.tsx,"Expandable sidebar → Utility Coordination › Load Profile (UciSidebarNav, support=""active"")",Signed-in via ProtectedLayoutRoute; UCI data scoped per project,Live scraper + Supabase UCI coordination records (per project),scraper-service /api/uci; check-portal-status,Yes,Working,Strong functional match,High,Partial — PermitPilot's load profile lives in a drawer tab rather than a page,Strong on both sides; PermitPilot's version is real and has test coverage,Deep link (query param),/uci?section=load-profile,"Use Lovable label ""Load Profile"" in the UCI sidebar",UCI expandable sidebar group; no top-level nav entry,"uciSectionHref(""load-profile"") → tab ""load-profile""",No,Low — deep link lands on real data,"Preserve load-profile upload, parsing and analysis logic, including its existing vitest coverage.",Do not create /utility/load-profile as a separate route.,None.,Style the Load profile drawer tab to match Lovable's analyzer panel.,Requires an open coordination record before the drawer tab can render.,P1,Low,S,Phase 3 — core authenticated surfaces,Load profile upload and analysis still work in the drawer tab; existing tests pass.,npx vitest run src/pages/uciDashboard.*.test.ts,No,"UCI_NAV_SECTIONS support=""active"". Lovable also records vitest coverage on its own version."
Utility Coordination,—,Meter Set Choreographer,/utility/meter-set,static,none,direct URL,—,signed-in,none,Meter set sequencing,View,view only,—,—,static mock,Mock,Mock,direct URL only,src/pages/MeterSetChoreographer.tsx,src/App.tsx,—,L051,Meter Set,/uci?section=meter-set&tab=costs,"Partial — section of /uci, not a standalone route",src/pages/UciDashboard.tsx; src/lib/uciNavSections.ts; src/components/layout/UciSidebarNav.tsx,"Expandable sidebar → Utility Coordination › Meter Set (UciSidebarNav, support=""partial"")",Signed-in via ProtectedLayoutRoute; UCI data scoped per project,Live scraper + Supabase UCI coordination records (per project),scraper-service /api/uci; check-portal-status,Partial,Partial,Partial match,Medium,Weak — checklist generation exists; no sequencing/scheduling UI,"Partial — real meter-set and closeout checklist generation, no choreography",Deep link (query param),/uci?section=meter-set,"Use Lovable label ""Meter Set"" in the UCI sidebar",UCI expandable sidebar group; no top-level nav entry,"uciSectionHref(""meter-set"") → tab ""costs""",No,Low — deep link lands on real data,Preserve meter-set and closeout checklist generation.,"Do not create /utility/meter-set, and do not build a sequencing board over data that does not exist.",A scheduling model before any sequencing UI.,Keep the partial-support note; no new UI.,Requires an open coordination record before the drawer tab can render.,P3,Medium,M,Backlog,Meter Set deep link opens the real Costs tab with the partial-support note intact.,npx vitest run src/pages/uciDashboard.*.test.ts,Yes — sequencing scope needs a product decision,UCI_NAV_SECTIONS note: 'Richer scheduling UI is not connected yet.'
Utility Coordination,—,Long-Lead Equipment,/scheduling/long-lead,static,none,direct URL,—,signed-in,none,Equipment ETA tracker,View,view only,—,—,static mock,Mock,Mock,direct URL only,src/pages/LongLeadEquipment.tsx,src/App.tsx,—,L052,— (no PermitPilot equivalent),— (none),No,— (none),Not present in PermitPilot navigation,n/a — surface does not exist,— (none),None,None,Not implemented,Missing in PermitPilot,High,None — no PermitPilot surface to compare,None — no PermitPilot domain behind it,Do not build,— (no route),n/a — label not adopted,Omit from PermitPilot navigation,n/a,Yes,High — Lovable page is mock; replicating it would ship a convincing but empty surface,"No PermitPilot logic exists on this path, so nothing to preserve.",Do not build. Long-lead equipment tracking needs a procurement domain PermitPilot does not have.,"New domain model, tables, RLS and service layer would be required before any UI work.",None. Do not build the UI ahead of a real backend.,No PermitPilot data model; no confirmed client requirement; no owner.,P3,High,XL,Out of scope — deferred indefinitely,No acceptance criteria: row is explicitly out of scope. This matrix must be updated (with an owner and a backend plan) before any work begins.,n/a — nothing to test until scope changes,No — the decision is already recorded as do-not-build. Reopening it requires a matrix update naming an owner and a backend plan.,Lovable page is mock.
Utility Coordination,—,Predictive Schedule Impact,/scheduling/predictive-impact,static,none,direct URL,—,signed-in,none,Schedule risk model,View,view only,—,—,static mock,Mock,Mock,direct URL only,src/pages/PredictiveScheduleImpact.tsx,src/App.tsx,—,L053,— (no PermitPilot equivalent),— (none),No,— (none),Not present in PermitPilot navigation,n/a — surface does not exist,— (none),None,None,Not implemented,Missing in PermitPilot,High,None — no PermitPilot surface to compare,None — no PermitPilot domain behind it,Do not build,— (no route),n/a — label not adopted,Omit from PermitPilot navigation,n/a,Yes,High — Lovable page is mock; replicating it would ship a convincing but empty surface,"No PermitPilot logic exists on this path, so nothing to preserve.",Do not build. A predictive model with no inputs would output invented risk.,"New domain model, tables, RLS and service layer would be required before any UI work.",None. Do not build the UI ahead of a real backend.,No PermitPilot data model; no confirmed client requirement; no owner.,P3,High,XL,Out of scope — deferred indefinitely,No acceptance criteria: row is explicitly out of scope. This matrix must be updated (with an owner and a backend plan) before any work begins.,n/a — nothing to test until scope changes,No — the decision is already recorded as do-not-build. Reopening it requires a matrix update naming an owner and a backend plan.,Lovable page is mock.
Utility Coordination,—,Inspector Release Tracker,/inspections/release-tracker,static,none,direct URL,—,signed-in,none,Inspection release status,View,view only,—,—,static mock,Mock,Mock,direct URL only,src/pages/InspectorReleaseTracker.tsx,src/App.tsx,—,L054,Inspection reminders (backend only),— (no route),No,supabase/functions/send-inspection-reminders,Not user-facing,Service-side,Deadline and reminder data; no inspection release state,send-inspection-reminders,Yes (reminders only),"Reminders real, no tracker",Backend match only,High,None — no tracker UI,Weak — reminders exist but inspection release is not modelled,Defer,— (no route),n/a — label not adopted,Omit from PermitPilot navigation,n/a,Yes,"Medium — plausible future surface, but building it now would require mock data","No PermitPilot logic exists on this path, so nothing to preserve.","PermitPilot sends real inspection reminders but does not model inspection release state, so a tracker would show status it cannot compute.","New domain model, tables, RLS and service layer would be required before any UI work.",None. Do not build the UI ahead of a real backend.,Needs an inspection state model.,P3,Medium,L,Backlog — revisit after visual alignment phases complete,No acceptance criteria yet. Promote to a real phase only after a backend design exists and this matrix row is updated.,n/a — nothing to test until scope changes,Yes — needs a product decision on whether PermitPilot should own this domain,send-inspection-reminders is real; the tracker surface is not.
Utility Coordination,—,Special Inspections,/inspections/special,static,none,direct URL,—,signed-in,none,Special inspection log,View,view only,—,—,static mock,Mock,Mock,direct URL only,src/pages/SpecialInspections.tsx,src/App.tsx,—,L055,— (no PermitPilot equivalent),— (none),No,— (none),Not present in PermitPilot navigation,n/a — surface does not exist,— (none),None,None,Not implemented,Missing in PermitPilot,High,None — no PermitPilot surface to compare,None — no PermitPilot domain behind it,Do not build,— (no route),n/a — label not adopted,Omit from PermitPilot navigation,n/a,Yes,High — Lovable page is mock; replicating it would ship a convincing but empty surface,"No PermitPilot logic exists on this path, so nothing to preserve.",Do not build. Blocked on the same inspection state model as L054.,"New domain model, tables, RLS and service layer would be required before any UI work.",None. Do not build the UI ahead of a real backend.,No PermitPilot data model; no confirmed client requirement; no owner.,P3,High,XL,Out of scope — deferred indefinitely,No acceptance criteria: row is explicitly out of scope. This matrix must be updated (with an owner and a backend plan) before any work begins.,n/a — nothing to test until scope changes,No — the decision is already recorded as do-not-build. Reopening it requires a matrix update naming an owner and a backend plan.,Lovable page is mock.
Utility Coordination,—,Final CO Inspections,/inspections/final-co,static,none,direct URL,—,signed-in,none,Final CO tracking,View,view only,—,—,static mock,Mock,Mock,direct URL only,src/pages/FinalInspections.tsx,src/App.tsx,—,L056,— (no PermitPilot equivalent),— (none),No,— (none),Not present in PermitPilot navigation,n/a — surface does not exist,— (none),None,None,Not implemented,Missing in PermitPilot,High,None — no PermitPilot surface to compare,None — no PermitPilot domain behind it,Do not build,— (no route),n/a — label not adopted,Omit from PermitPilot navigation,n/a,Yes,High — Lovable page is mock; replicating it would ship a convincing but empty surface,"No PermitPilot logic exists on this path, so nothing to preserve.",Do not build. Blocked on the same inspection state model as L054.,"New domain model, tables, RLS and service layer would be required before any UI work.",None. Do not build the UI ahead of a real backend.,No PermitPilot data model; no confirmed client requirement; no owner.,P3,High,XL,Out of scope — deferred indefinitely,No acceptance criteria: row is explicitly out of scope. This matrix must be updated (with an owner and a backend plan) before any work begins.,n/a — nothing to test until scope changes,No — the decision is already recorded as do-not-build. Reopening it requires a matrix update naming an owner and a backend plan.,Lovable page is mock.
Field,—,SIR,/sir,static,none,direct URL,—,signed-in,none,Site Investigation Report,View,view only,—,—,static mock,Mock,Mock,direct URL only,src/pages/Sir.tsx,src/App.tsx,—,L057,— (no PermitPilot equivalent),— (none),No,— (none),Not present in PermitPilot navigation,n/a — surface does not exist,— (none),None,None,Not implemented,Missing in PermitPilot,High,None — no PermitPilot surface to compare,None — no PermitPilot domain behind it,Do not build,— (no route),n/a — label not adopted,Omit from PermitPilot navigation,n/a,Yes,High — Lovable page is mock; replicating it would ship a convincing but empty surface,"No PermitPilot logic exists on this path, so nothing to preserve.","Do not build the SIR landing. Explicitly out of scope. Directive: 'Do NOT replicate as fake backends: ... SIR/Field mobile packs'. PermitPilot has no site-investigation domain, no offline sync and no field evidence storage.","New domain model, tables, RLS and service layer would be required before any UI work.",None. Do not build the UI ahead of a real backend.,No PermitPilot data model; no confirmed client requirement; no owner.,P3,High,XL,Out of scope — deferred indefinitely,No acceptance criteria: row is explicitly out of scope. This matrix must be updated (with an owner and a backend plan) before any work begins.,n/a — nothing to test until scope changes,No — the decision is already recorded as do-not-build. Reopening it requires a matrix update naming an owner and a backend plan.,Whole SIR family is mock in Lovable and has no PermitPilot counterpart.
Field,SIR,SIR Workspace,/sir/workspace,static,none,direct URL,—,signed-in,none,Workspace,Edit report,edit,—,—,static mock,Mock,Mock,direct URL only,src/pages/SirWorkspace.tsx,src/App.tsx,—,L058,— (no PermitPilot equivalent),— (none),No,— (none),Not present in PermitPilot navigation,n/a — surface does not exist,— (none),None,None,Not implemented,Missing in PermitPilot,High,None — no PermitPilot surface to compare,None — no PermitPilot domain behind it,Do not build,— (no route),n/a — label not adopted,Omit from PermitPilot navigation,n/a,Yes,High — Lovable page is mock; replicating it would ship a convincing but empty surface,"No PermitPilot logic exists on this path, so nothing to preserve.","Do not build the SIR workspace. Explicitly out of scope. Directive: 'Do NOT replicate as fake backends: ... SIR/Field mobile packs'. PermitPilot has no site-investigation domain, no offline sync and no field evidence storage.","New domain model, tables, RLS and service layer would be required before any UI work.",None. Do not build the UI ahead of a real backend.,No PermitPilot data model; no confirmed client requirement; no owner.,P3,High,XL,Out of scope — deferred indefinitely,No acceptance criteria: row is explicitly out of scope. This matrix must be updated (with an owner and a backend plan) before any work begins.,n/a — nothing to test until scope changes,No — the decision is already recorded as do-not-build. Reopening it requires a matrix update naming an owner and a backend plan.,Whole SIR family is mock in Lovable and has no PermitPilot counterpart.
Field,SIR,SIR Annex,/sir/annex,static,none,direct URL,—,signed-in,none,Annex sections,View,view only,—,—,static mock,Mock,Mock,direct URL only,src/pages/SirAnnex.tsx,src/App.tsx,—,L059,— (no PermitPilot equivalent),— (none),No,— (none),Not present in PermitPilot navigation,n/a — surface does not exist,— (none),None,None,Not implemented,Missing in PermitPilot,High,None — no PermitPilot surface to compare,None — no PermitPilot domain behind it,Do not build,— (no route),n/a — label not adopted,Omit from PermitPilot navigation,n/a,Yes,High — Lovable page is mock; replicating it would ship a convincing but empty surface,"No PermitPilot logic exists on this path, so nothing to preserve.","Do not build the SIR annex. Explicitly out of scope. Directive: 'Do NOT replicate as fake backends: ... SIR/Field mobile packs'. PermitPilot has no site-investigation domain, no offline sync and no field evidence storage.","New domain model, tables, RLS and service layer would be required before any UI work.",None. Do not build the UI ahead of a real backend.,No PermitPilot data model; no confirmed client requirement; no owner.,P3,High,XL,Out of scope — deferred indefinitely,No acceptance criteria: row is explicitly out of scope. This matrix must be updated (with an owner and a backend plan) before any work begins.,n/a — nothing to test until scope changes,No — the decision is already recorded as do-not-build. Reopening it requires a matrix update naming an owner and a backend plan.,Whole SIR family is mock in Lovable and has no PermitPilot counterpart.
Field,SIR,SIR Executive,/sir/executive,static,none,direct URL,—,signed-in,none,Executive rollup,View,view only,—,—,static mock,Mock,Mock,direct URL only,src/pages/SirExecutive.tsx,src/App.tsx,—,L060,— (no PermitPilot equivalent),— (none),No,— (none),Not present in PermitPilot navigation,n/a — surface does not exist,— (none),None,None,Not implemented,Missing in PermitPilot,High,None — no PermitPilot surface to compare,None — no PermitPilot domain behind it,Do not build,— (no route),n/a — label not adopted,Omit from PermitPilot navigation,n/a,Yes,High — Lovable page is mock; replicating it would ship a convincing but empty surface,"No PermitPilot logic exists on this path, so nothing to preserve.","Do not build the SIR executive rollup. Explicitly out of scope. Directive: 'Do NOT replicate as fake backends: ... SIR/Field mobile packs'. PermitPilot has no site-investigation domain, no offline sync and no field evidence storage.","New domain model, tables, RLS and service layer would be required before any UI work.",None. Do not build the UI ahead of a real backend.,No PermitPilot data model; no confirmed client requirement; no owner.,P3,High,XL,Out of scope — deferred indefinitely,No acceptance criteria: row is explicitly out of scope. This matrix must be updated (with an owner and a backend plan) before any work begins.,n/a — nothing to test until scope changes,No — the decision is already recorded as do-not-build. Reopening it requires a matrix update naming an owner and a backend plan.,Whole SIR family is mock in Lovable and has no PermitPilot counterpart.
Field,SIR,SIR Sync,/sir/sync,static,none,direct URL,—,signed-in,none,Sync field evidence,Sync,submit,—,—,static mock,Mock,Mock,direct URL only,src/pages/SirSync.tsx,src/App.tsx,—,L061,— (no PermitPilot equivalent),— (none),No,— (none),Not present in PermitPilot navigation,n/a — surface does not exist,— (none),None,None,Not implemented,Missing in PermitPilot,High,None — no PermitPilot surface to compare,None — no PermitPilot domain behind it,Do not build,— (no route),n/a — label not adopted,Omit from PermitPilot navigation,n/a,Yes,High — Lovable page is mock; replicating it would ship a convincing but empty surface,"No PermitPilot logic exists on this path, so nothing to preserve.","Do not build the SIR sync. Explicitly out of scope. Directive: 'Do NOT replicate as fake backends: ... SIR/Field mobile packs'. PermitPilot has no site-investigation domain, no offline sync and no field evidence storage.","New domain model, tables, RLS and service layer would be required before any UI work.",None. Do not build the UI ahead of a real backend.,No PermitPilot data model; no confirmed client requirement; no owner.,P3,High,XL,Out of scope — deferred indefinitely,No acceptance criteria: row is explicitly out of scope. This matrix must be updated (with an owner and a backend plan) before any work begins.,n/a — nothing to test until scope changes,No — the decision is already recorded as do-not-build. Reopening it requires a matrix update naming an owner and a backend plan.,Whole SIR family is mock in Lovable and has no PermitPilot counterpart.
Field,—,Field Studio,/field/studio,static,none,direct URL,—,signed-in,none,Field content authoring,Edit,edit,—,—,static mock,Mock,Mock,direct URL only,src/pages/FieldStudio.tsx,src/App.tsx,—,L062,— (no PermitPilot equivalent),— (none),No,— (none),Not present in PermitPilot navigation,n/a — surface does not exist,— (none),None,None,Not implemented,Missing in PermitPilot,High,None — no PermitPilot surface to compare,None — no PermitPilot domain behind it,Do not build,— (no route),n/a — label not adopted,Omit from PermitPilot navigation,n/a,Yes,High — Lovable page is mock; replicating it would ship a convincing but empty surface,"No PermitPilot logic exists on this path, so nothing to preserve.",Do not build. Part of the excluded SIR/Field mobile pack.,"New domain model, tables, RLS and service layer would be required before any UI work.",None. Do not build the UI ahead of a real backend.,No PermitPilot data model; no confirmed client requirement; no owner.,P3,High,XL,Out of scope — deferred indefinitely,No acceptance criteria: row is explicitly out of scope. This matrix must be updated (with an owner and a backend plan) before any work begins.,n/a — nothing to test until scope changes,No — the decision is already recorded as do-not-build. Reopening it requires a matrix update naming an owner and a backend plan.,Lovable page is mock.
Field,—,Mobile Survey,/mobile/survey,static,none,direct URL,—,signed-in,none,Mobile survey entry,Enter data,create,—,—,local state,UI only,Mock,mobile only,src/pages/MobileSurvey.tsx,src/App.tsx,—,L063,PWA / Capacitor mobile shell (no field surfaces),— (none),No,capacitor.config.ts; src/components/pwa/InstallPrompt.tsx; src/components/pwa/OfflineIndicator.tsx,Not present in PermitPilot navigation,n/a — surface does not exist,— (none),None,None,"Mobile shell real, field surfaces absent",Missing in PermitPilot,High,None — no PermitPilot surface to compare,None — no PermitPilot domain behind it,Do not build,— (no route),n/a — label not adopted,Omit from PermitPilot navigation,n/a,Yes,High — Lovable page is mock; replicating it would ship a convincing but empty surface,"No PermitPilot logic exists on this path, so nothing to preserve.",Do not build. Part of the excluded field mobile pack; Lovable's version keeps entries in local state only.,"New domain model, tables, RLS and service layer would be required before any UI work.",None. Do not build the UI ahead of a real backend.,No PermitPilot data model; no confirmed client requirement; no owner.,P3,High,XL,Out of scope — deferred indefinitely,No acceptance criteria: row is explicitly out of scope. This matrix must be updated (with an owner and a backend plan) before any work begins.,n/a — nothing to test until scope changes,No — the decision is already recorded as do-not-build. Reopening it requires a matrix update naming an owner and a backend plan.,"PermitPilot already ships a real mobile shell (Capacitor config, PWA install prompt, offline indicator), so mobile capability is not the gap — the missing part is the field data domain."
Field,—,Mobile Camera,/mobile/camera,static,none,direct URL,—,signed-in,none,Photo capture,Capture,upload,—,—,local state,UI only,Mock,mobile only,src/pages/MobileCamera.tsx,src/App.tsx,—,L064,— (no PermitPilot equivalent),— (none),No,— (none),Not present in PermitPilot navigation,n/a — surface does not exist,— (none),None,None,Not implemented,Missing in PermitPilot,High,None — no PermitPilot surface to compare,None — no PermitPilot domain behind it,Do not build,— (no route),n/a — label not adopted,Omit from PermitPilot navigation,n/a,Yes,High — Lovable page is mock; replicating it would ship a convincing but empty surface,"No PermitPilot logic exists on this path, so nothing to preserve.",Do not build. Lovable's camera page persists nothing; capturing photos with no storage would silently lose evidence.,"New domain model, tables, RLS and service layer would be required before any UI work.",None. Do not build the UI ahead of a real backend.,No PermitPilot data model; no confirmed client requirement; no owner.,P3,High,XL,Out of scope — deferred indefinitely,No acceptance criteria: row is explicitly out of scope. This matrix must be updated (with an owner and a backend plan) before any work begins.,n/a — nothing to test until scope changes,No — the decision is already recorded as do-not-build. Reopening it requires a matrix update naming an owner and a backend plan.,"PermitPilot already ships a real mobile shell (Capacitor config, PWA install prompt, offline indicator), so mobile capability is not the gap — the missing part is the field data domain."
Field,—,Mobile Map,/mobile/map,static,none,direct URL,—,signed-in,none,Mobile map,View,view only,—,—,static,UI only,Mock,mobile only,src/pages/MobileMap.tsx,src/App.tsx,—,L065,"Jurisdiction Map (responsive, serves mobile)",/jurisdictions/map,No,src/pages/JurisdictionMapPage.tsx,Not present in PermitPilot navigation,n/a — surface does not exist,— (none),None,None,Existing map is responsive,Missing in PermitPilot,High,None — no PermitPilot surface to compare,None — no PermitPilot domain behind it,Do not build,— (no route),n/a — label not adopted,Omit from PermitPilot navigation,n/a,Yes,High — Lovable page is mock; replicating it would ship a convincing but empty surface,"No PermitPilot logic exists on this path, so nothing to preserve.",Do not build a mobile-only map. Make /jurisdictions/map responsive instead (covered by L046).,"New domain model, tables, RLS and service layer would be required before any UI work.",None. Do not build the UI ahead of a real backend.,No PermitPilot data model; no confirmed client requirement; no owner.,P3,Low,S,Out of scope — deferred indefinitely,No acceptance criteria: row is explicitly out of scope. This matrix must be updated (with an owner and a backend plan) before any work begins.,n/a — nothing to test until scope changes,No — the decision is already recorded as do-not-build. Reopening it requires a matrix update naming an owner and a backend plan.,Consolidating on one map avoids two divergent map implementations.
Closeout,—,Closeout,/closeout,static,none,direct URL,—,signed-in,none,Project closeout hub,View,navigate,—,—,static mock,Mock,Mock,direct URL only,src/pages/Closeout.tsx,src/App.tsx,—,L066,— (no PermitPilot equivalent),— (none),No,— (none),Not present in PermitPilot navigation,n/a — surface does not exist,— (none),None,None,Not implemented,Missing in PermitPilot,High,None — no PermitPilot surface to compare,None — no PermitPilot domain behind it,Defer,— (no route),n/a — label not adopted,Omit from PermitPilot navigation,n/a,Yes,"Medium — plausible future surface, but building it now would require mock data","No PermitPilot logic exists on this path, so nothing to preserve.","No PermitPilot closeout hub exists. PermitPilot has no closeout domain: no closeout state, no archive model and no post-mortem records. Lovable's entire closeout hierarchy is mock.","New domain model, tables, RLS and service layer would be required before any UI work.",None. Do not build the UI ahead of a real backend.,"Needs a closeout domain and, for the financial views, a cost model.",P3,Medium,L,Backlog — revisit after visual alignment phases complete,No acceptance criteria yet. Promote to a real phase only after a backend design exists and this matrix row is updated.,n/a — nothing to test until scope changes,Yes — needs a product decision on whether PermitPilot should own this domain,Lovable's closeout tree aggregates nothing; there is no upstream data to aggregate in PermitPilot either.
Closeout,Closeout,Closeout Archive,/closeout/archive,static,none,direct URL,—,signed-in,none,Archive,Browse,view only,—,—,static mock,Mock,Mock,direct URL only,src/pages/CloseoutArchive.tsx,src/App.tsx,—,L067,— (no PermitPilot equivalent),— (none),No,— (none),Not present in PermitPilot navigation,n/a — surface does not exist,— (none),None,None,Not implemented,Missing in PermitPilot,High,None — no PermitPilot surface to compare,None — no PermitPilot domain behind it,Defer,— (no route),n/a — label not adopted,Omit from PermitPilot navigation,n/a,Yes,"Medium — plausible future surface, but building it now would require mock data","No PermitPilot logic exists on this path, so nothing to preserve.","No PermitPilot closeout archive exists. PermitPilot has no closeout domain: no closeout state, no archive model and no post-mortem records. Lovable's entire closeout hierarchy is mock.","New domain model, tables, RLS and service layer would be required before any UI work.",None. Do not build the UI ahead of a real backend.,"Needs a closeout domain and, for the financial views, a cost model.",P3,Medium,L,Backlog — revisit after visual alignment phases complete,No acceptance criteria yet. Promote to a real phase only after a backend design exists and this matrix row is updated.,n/a — nothing to test until scope changes,Yes — needs a product decision on whether PermitPilot should own this domain,Lovable's closeout tree aggregates nothing; there is no upstream data to aggregate in PermitPilot either.
Closeout,Closeout,Closeout Tracker,/closeout/tracker,static,none,direct URL,—,signed-in,none,Closeout tracker,View,view only,—,—,static mock,Mock,Mock,direct URL only,src/pages/CloseoutTracker.tsx,src/App.tsx,—,L068,— (no PermitPilot equivalent),— (none),No,— (none),Not present in PermitPilot navigation,n/a — surface does not exist,— (none),None,None,Not implemented,Missing in PermitPilot,High,None — no PermitPilot surface to compare,None — no PermitPilot domain behind it,Defer,— (no route),n/a — label not adopted,Omit from PermitPilot navigation,n/a,Yes,"Medium — plausible future surface, but building it now would require mock data","No PermitPilot logic exists on this path, so nothing to preserve.","No PermitPilot closeout tracker exists. PermitPilot has no closeout domain: no closeout state, no archive model and no post-mortem records. Lovable's entire closeout hierarchy is mock.","New domain model, tables, RLS and service layer would be required before any UI work.",None. Do not build the UI ahead of a real backend.,"Needs a closeout domain and, for the financial views, a cost model.",P3,Medium,L,Backlog — revisit after visual alignment phases complete,No acceptance criteria yet. Promote to a real phase only after a backend design exists and this matrix row is updated.,n/a — nothing to test until scope changes,Yes — needs a product decision on whether PermitPilot should own this domain,Lovable's closeout tree aggregates nothing; there is no upstream data to aggregate in PermitPilot either.
Closeout,Closeout,Post-Mortem,/closeout/post-mortem,static,none,direct URL,—,signed-in,none,Post-mortem hub,View,navigate,—,—,static mock,Mock,Mock,direct URL only,src/pages/PostMortem.tsx,src/App.tsx,—,L069,— (no PermitPilot equivalent),— (none),No,— (none),Not present in PermitPilot navigation,n/a — surface does not exist,— (none),None,None,Not implemented,Missing in PermitPilot,High,None — no PermitPilot surface to compare,None — no PermitPilot domain behind it,Defer,— (no route),n/a — label not adopted,Omit from PermitPilot navigation,n/a,Yes,"Medium — plausible future surface, but building it now would require mock data","No PermitPilot logic exists on this path, so nothing to preserve.","No PermitPilot post-mortem hub exists. PermitPilot has no closeout domain: no closeout state, no archive model and no post-mortem records. Lovable's entire closeout hierarchy is mock.","New domain model, tables, RLS and service layer would be required before any UI work.",None. Do not build the UI ahead of a real backend.,"Needs a closeout domain and, for the financial views, a cost model.",P3,Medium,L,Backlog — revisit after visual alignment phases complete,No acceptance criteria yet. Promote to a real phase only after a backend design exists and this matrix row is updated.,n/a — nothing to test until scope changes,Yes — needs a product decision on whether PermitPilot should own this domain,Lovable's closeout tree aggregates nothing; there is no upstream data to aggregate in PermitPilot either.
Closeout,Post-Mortem,Post-Mortem Analytics,/closeout/post-mortem/analytics,static,none,direct URL,—,signed-in,none,Analytics,View,view only,—,—,static mock,Mock,Mock,direct URL only,src/pages/PostMortemAnalytics.tsx,src/App.tsx,—,L070,— (no PermitPilot equivalent),— (none),No,— (none),Not present in PermitPilot navigation,n/a — surface does not exist,— (none),None,None,Not implemented,Missing in PermitPilot,High,None — no PermitPilot surface to compare,None — no PermitPilot domain behind it,Defer,— (no route),n/a — label not adopted,Omit from PermitPilot navigation,n/a,Yes,"Medium — plausible future surface, but building it now would require mock data","No PermitPilot logic exists on this path, so nothing to preserve.","No PermitPilot post-mortem analytics exists. PermitPilot has no closeout domain: no closeout state, no archive model and no post-mortem records. Lovable's entire closeout hierarchy is mock.","New domain model, tables, RLS and service layer would be required before any UI work.",None. Do not build the UI ahead of a real backend.,"Needs a closeout domain and, for the financial views, a cost model.",P3,Medium,L,Backlog — revisit after visual alignment phases complete,No acceptance criteria yet. Promote to a real phase only after a backend design exists and this matrix row is updated.,n/a — nothing to test until scope changes,Yes — needs a product decision on whether PermitPilot should own this domain,Lovable's closeout tree aggregates nothing; there is no upstream data to aggregate in PermitPilot either.
Closeout,Post-Mortem,Post-Mortem Financial,/closeout/post-mortem/financial,static,none,direct URL,—,signed-in,none,Financial impact,View,view only,—,—,static mock,Mock,Mock,direct URL only,src/pages/PostMortemFinancial.tsx,src/App.tsx,—,L071,— (no PermitPilot equivalent),— (none),No,— (none),Not present in PermitPilot navigation,n/a — surface does not exist,— (none),None,None,Not implemented,Missing in PermitPilot,High,None — no PermitPilot surface to compare,None — no PermitPilot domain behind it,Defer,— (no route),n/a — label not adopted,Omit from PermitPilot navigation,n/a,Yes,"Medium — plausible future surface, but building it now would require mock data","No PermitPilot logic exists on this path, so nothing to preserve.","No PermitPilot post-mortem financial exists. PermitPilot has no closeout domain: no closeout state, no archive model and no post-mortem records. Lovable's entire closeout hierarchy is mock.","New domain model, tables, RLS and service layer would be required before any UI work.",None. Do not build the UI ahead of a real backend.,"Needs a closeout domain and, for the financial views, a cost model.",P3,Medium,L,Backlog — revisit after visual alignment phases complete,No acceptance criteria yet. Promote to a real phase only after a backend design exists and this matrix row is updated.,n/a — nothing to test until scope changes,Yes — needs a product decision on whether PermitPilot should own this domain,Lovable's closeout tree aggregates nothing; there is no upstream data to aggregate in PermitPilot either.
Resources,—,Checklists,/checklists,static,none,sidebar → Resources › Checklists,direct URL,signed-in,none,Checklist history,View,view only,—,—,static mock,Mock,Mock,always visible,src/pages/Checklists.tsx,src/App.tsx,—,L072,Checklist History,/checklists (alias /checklist-history),Yes,src/pages/ChecklistHistory.tsx,Sidebar → Checklists,Signed-in via ProtectedLayoutRoute,"Supabase checklist runs, reports and signatures (real)",send-checklist-report; process-scheduled-checklist-reports; send-checklist-signed-notification; send-test-scheduled-report; retry-failed-report-emails,Yes,Working,Strong functional match,High,Partial — Lovable's list styling is the target,"PermitPilot is far ahead — Lovable browses mock checklists; PermitPilot has real runs, scheduled report delivery and signature notifications",Keep PP route,/checklists,"Keep ""Checklists""",Resources group in the sidebar,/checklist-history is an existing alias of the same page,No,Low — the underlying data is real,"Preserve scheduled report processing, email delivery, retry handling and signed-checklist notifications. These run on schedules; do not disturb their triggers.",Do not fabricate checklist history entries.,None.,Adopt Lovable's checklist list and status styling.,None.,P1,Low,M,Phase 4 — delivery and intelligence surfaces,Checklist list restyled over real runs; both route aliases resolve; scheduled report functions untouched.,Manual visit to /checklists and /checklist-history; confirm no changes under supabase/functions,No,src/App.tsx lines 161-162 map both routes to ChecklistHistory.
Resources,—,Reference Library,/reference,static,none,sidebar → Resources › Reference Library; Help & Support › Documentation,direct URL,signed-in,none,Reference hub,Browse docs,navigate,—,—,static,UI only,Working,always visible,src/pages/ReferenceLibrary.tsx,src/App.tsx,—,L073,Code Reference Library,/code-reference,Yes,src/pages/CodeReferenceLibrary.tsx,Sidebar → Code Reference,Signed-in via ProtectedLayoutRoute,Curated code reference content + context-reference-engine citations,context-reference-engine,Partial,Working,Partial match,Medium,"Partial — both are reference hubs; PermitPilot's is code-specific, Lovable's is a general doc index",PermitPilot is ahead — its reference content feeds grounded response citations,Fold into existing PP surface,/code-reference,"Keep ""Code Reference""; do not add a generic ""Reference Library"" hub",Resources group in the sidebar,n/a,No,Low,Preserve the citation linkage used by generate-grounded-response and context-reference-engine.,Do not add a parent /reference hub page that only links onward.,None.,Adopt Lovable's reference-card and search styling.,None.,P2,Low,S,Phase 5 — admin and settings surfaces,Code reference browsing and citation links still work with the new styling.,Manual visit to /code-reference; verify a grounded response citation resolves,No,src/App.tsx line 131.
Resources,Reference,Utility Coverage,/reference/utility-coverage,static,none,sidebar → Resources › Utility Coverage,direct URL,signed-in,none,Provider coverage matrix,Browse,view only,—,—,src/data/utilityProviders.ts,UI only,Working,always visible,src/pages/UtilityCoverage.tsx,src/App.tsx,Reference data with caveat.,L074,Utility territory datasets (surfaced via the map),/jurisdictions/map,"Partial — data exists, no coverage table page",src/pages/JurisdictionMapPage.tsx; scraper-service/data/territory/electric-full-v2/utilities_by_state.json; county_utility.json,Sidebar → Jurisdiction Map,Signed-in via ProtectedLayoutRoute,"Real territory GeoJSON, county-utility reconciliation and footprint validation reports across 19 states",scraper-service territory datasets,Yes,"Data real, no coverage table",Partial match,High,Weak — no tabular coverage view,PermitPilot is ahead on data; behind on the tabular presentation,Fold into existing PP surface,/jurisdictions/map (coverage table as a panel),"Use ""Utility Coverage"" for the panel heading",Panel on the Jurisdiction Map page; no separate route,n/a,Yes,"Low — coverage claims must come from the reconciliation reports, which exist",Preserve the reconciliation and footprint validation datasets as the single source for coverage claims.,Do not publish coverage claims that the reconciliation reports do not support.,None — utilities_by_state.json and county_utility.json already back a coverage table.,Add a coverage table panel to the map page reading the existing datasets.,None.,P2,Medium,M,Phase 6 — structural follow-ups,Any coverage figure shown traces to a reconciliation report file; no separate /reference/utility-coverage route added.,node --test scraper-service/tests (county reconcile suites),No,Coverage claims are client-visible; they must stay tied to the validation reports.
Resources,Reference,Glossary,/reference/glossary,static,none,sidebar → Resources › Glossary,direct URL,signed-in,none,Terminology,Search terms,filter,—,—,static,UI only,Working,always visible,src/pages/Glossary.tsx,src/App.tsx,—,L075,Glossary (placeholder),/reference/glossary,Yes — placeholder page,src/pages/placeholders/GlossaryPlaceholder.tsx,Sidebar → Glossary,Signed-in via ProtectedLayoutRoute,None — labelled placeholder,None (static content by design once written),None,Placeholder (labelled),Partial match,High,Weak — the route matches but PermitPilot has no terms yet,Weak — Lovable has searchable static terms; PermitPilot has a placeholder,Keep PP route,/reference/glossary,"Keep ""Glossary""",Resources group in the sidebar,n/a,No,None — glossary content is legitimately static,Preserve the placeholder labelling until real terms are curated.,Do not copy Lovable's glossary terms verbatim without checking they match PermitPilot's actual vocabulary.,None — static content is appropriate here.,"Curate PermitPilot permitting and utility-coordination terms, then adopt Lovable's searchable list styling.",Needs someone to write the terms.,P3,Low,S,Phase 7 — documentation and polish,"Glossary shows real PermitPilot terminology with working search, or stays an explicit placeholder.",Manual visit to /reference/glossary,No,src/App.tsx line 164 uses GlossaryPlaceholder.
Resources,—,Analytics & Reporting,/portfolio/executive,static,none,sidebar → Resources › Analytics & Reporting,direct URL,signed-in,none,Executive portfolio KPIs,View charts,view only,—,—,static mock,Mock,Mock,always visible,src/pages/PortfolioExecutive.tsx,src/App.tsx,—,L076,Analytics,/analytics,Yes,src/pages/Analytics.tsx,Sidebar → Analytics,Signed-in via ProtectedLayoutRoute,"Real project, permit and cycle-time rollups",Supabase aggregate queries; export-weekly-report,Yes,Working,Strong functional match,High,Partial — Lovable's executive KPI and chart styling is the target,PermitPilot is far ahead — Lovable's executive KPIs are fabricated,Keep PP route,/analytics,"Use ""Analytics & Reporting"" as the nav label, pointing at /analytics",Resources group in the sidebar,n/a,No,High — executive charts are the easiest place to smuggle in invented numbers,Preserve every aggregate query and the weekly report export path.,Do not add a chart without a real query behind it.,None.,Adopt Lovable's executive KPI band and chart card styling.,None.,P1,Medium,M,Phase 4 — delivery and intelligence surfaces,Every restyled chart and KPI traces to a real aggregate query; weekly export still works.,Manual visit to /analytics with a demo account that has data; trigger export-weekly-report once,No,src/App.tsx line 124.
Resources,—,Messages,/messages,static,none,sidebar → Resources › Messages; Help & Support › Support,direct URL,signed-in,none,Message threads,View messages,view only,—,—,static mock,Mock,Mock,always visible,src/pages/Messages.tsx,src/App.tsx,Badge 4.,L077,Portal communications + transactional email (no message threads),/uci?section=communications,No — no message-thread surface,src/pages/UciDashboard.tsx (communications tab); supabase/functions/send-* (12 email functions),UCI sidebar → Communications,Signed-in; scoped per coordination record,Portal communications per record; email delivery logs,send-project-team-invitation; send-jurisdiction-notification; send-epermit-status-email; process-scheduled-notifications,Partial,Portal comms real; no threads,Backend match only,High,Weak — no thread list UI,"Partial — real outbound messaging, no threaded inbox",Defer,Undecided,n/a — label not adopted,Omit from PermitPilot navigation,n/a,Yes,High — an empty inbox that looks functional would cause users to miss real portal messages,Preserve all transactional email functions and per-record portal communications.,Do not replicate Lovable's hard-coded badge of 4. A message badge must count real unread items or not exist.,"A message thread domain with participants, read state and notification fan-out.",None until threads exist.,Needs a messaging domain and a notification policy.,P3,Medium,L,Backlog,Not scoped. Requires a messaging domain.,n/a — nothing to test until scope changes,Yes — messaging is a significant product decision,Lovable's Messages badge of 4 is fabricated.
Settings,—,Settings,/settings,static,none,sidebar → Help & Support › Settings,avatar menu,signed-in,none,User settings,Update preferences,edit,—,—,local state,UI only,Placeholder,always visible,src/pages/Settings.tsx,src/App.tsx,—,L078,Settings,/settings,Yes,src/pages/Settings.tsx,Sidebar → Settings; avatar menu,Signed-in via ProtectedLayoutRoute,Supabase user profile and preferences (persisted),Supabase queries,Yes,Working,Strong functional match,Medium,Partial — Lovable's settings section layout is the target,PermitPilot is ahead — Lovable's settings are a client-only placeholder that persists nothing,Keep PP route,/settings,"Keep ""Settings""","Sidebar footer plus avatar menu, as today",n/a,No,Medium — do not add toggles that persist nowhere,"Preserve preference persistence, theme handling (ThemeProvider) and any notification settings already wired to Supabase.",Do not add a settings control without a persistence path; Lovable's placeholder pattern must not be copied.,None.,Adopt Lovable's settings section and form styling on the existing persisted fields.,None.,P1,Low,M,Phase 5 — admin and settings surfaces,Every visible setting round-trips to Supabase after restyling; theme switching still works.,Manual save-and-reload of each setting on Preview,No,"Settings.tsx contains 16 Supabase references, so preferences genuinely persist."
Administration,—,Admin Console,/admin,static,none,direct URL (role: admin),—,admin,none,Admin hub,Navigate to admin surfaces,navigate,—,—,static mock,Mock,Mock,role-based,src/pages/AdminConsole.tsx,src/App.tsx,—,L079,Admin Panel,/admin,Yes,src/pages/AdminPanel.tsx; src/components/admin/AdminLayout.tsx,Direct URL; admin nav,Signed-in admin area via AdminLayout,"Real admin data across jurisdictions, feature flags and shadow mode",Supabase admin queries; shadow-metrics; shadow-evaluator,Yes,Working,Strong functional match,High,Partial — Lovable's admin card grid is the target styling,"PermitPilot is ahead — it has real jurisdiction admin, feature flags and shadow-mode tooling",Keep PP route,/admin,"Keep ""Admin""",Admin area entry; not in the main sidebar for non-admins,"/admin/jurisdictions, /admin/feature-flags, /admin/shadow-mode",No,Medium — the console must not link to admin surfaces that are placeholders without labelling them,"Preserve AdminLayout gating and all real admin children (jurisdictions, feature flags, shadow mode).",Do not present placeholder admin children as live (see L080-L082).,None.,Adopt Lovable's admin card grid; label placeholder children explicitly.,None.,P1,Low,M,Phase 5 — admin and settings surfaces,Admin console restyled; real children unchanged; placeholder children visibly marked Preview.,Manual admin console smoke with an admin demo account,No,src/App.tsx lines 134-158. PermitPilot's admin tree differs from Lovable's substantially.
Administration,Admin,Authorizations,/admin/authorizations,static,none,AdminConsole card; direct URL,—,admin,none,Review LOA submissions,"Search, view, export CSV","review, export",—,Detail dialog,Supabase (client_authorizations),Fully connected,Working,role-based,src/pages/AdminAuthorizations.tsx,src/App.tsx,—,L080,Admin · Authorizations (Preview placeholder),/admin/authorizations,Yes — placeholder only,src/pages/placeholders/AdminPreviewPlaceholders.tsx,Admin console card,Signed-in admin area via AdminLayout,None — labelled Preview placeholder,None. There is no client_authorizations table in PermitPilot.,None,"Placeholder (labelled Preview only, PD-5)",UI match only,High,"Weak — the route exists but renders a Preview notice, not a review table",None — no authorization records exist to review,Keep PP route,/admin/authorizations,"Keep ""Authorizations"" with an explicit Preview badge","Admin console card, visibly marked Preview",n/a,No,"High — Lovable's version looks fully connected (search, detail dialog, CSV export) over a table PermitPilot does not have",Preserve the explicit 'Preview only (PD-5)' integration note. It is the guard against this being mistaken for live.,"Do not implement search, detail dialogs or CSV export here. Directive: admin LOA/members/audit are Preview placeholders in PermitPilot and are NOT fully connected despite Lovable showing them as connected.","A client_authorizations table with RLS, plus the L019 signing path, before any review UI.",Styling of the placeholder only. No functional controls.,Depends on L019 (LOA signing) and legal review.,P2,High,M,Blocked — placeholder styling only until L019 is approved,Page still renders the Preview notice; no export or detail control exists; the PD-5 note is visible.,Manual visit to /admin/authorizations; confirm the Preview note renders,Yes — blocked on the same legal decision as L019,src/App.tsx line 139 uses AdminAuthorizationsPlaceholder.
Administration,Admin,Members,/admin/members,static,none,AdminConsole card; direct URL,—,admin,none,Invite/approve members,"Invite, approve, reject, list","create, approve, reject","Invitations, Members, Pending",Invite dialog,"Supabase (workspace_invitations, user_roles)",Fully connected,Working,role-based,src/pages/AdminMembers.tsx,src/App.tsx,—,L081,Admin · Members (Preview placeholder over real role data),/admin/members,Yes — placeholder only,src/pages/placeholders/AdminPreviewPlaceholders.tsx (AdminPreviewPlaceholder),Admin console card,Signed-in admin area via AdminLayout,None on this page. PermitPilot's real data lives in user_roles and project invites.,"send-project-team-invitation (real, used elsewhere); user_roles (real)",None on this page,"Placeholder (labelled Preview only, PD-5)",Backend match only,High,Weak — Lovable has a three-tab invite/approve console; PermitPilot renders a Preview notice,"Partial — PermitPilot really does have roles and invitations, but not a workspace approval workflow",Keep PP route,/admin/members,"Keep ""Members"" with an explicit Preview badge","Admin console card, visibly marked Preview",n/a,No,High — approve/reject buttons that do not write would silently fail to grant or deny access,Preserve PermitPilot user_roles and project invites exactly as the placeholder note instructs. Do not migrate to a workspace_invitations model without an explicit decision.,"Do not implement invite, approve or reject actions here. Directive: treat as Preview only, not live workspace approvals.","A decision first: keep user_roles + project invites, or adopt a workspace membership model. Then RLS and audit writes.",Styling of the placeholder only. No functional controls.,Needs a membership model decision (user_roles vs workspace_invitations).,P2,High,M,Blocked — placeholder styling only until the membership model is decided,Page still renders the Preview notice; no approve/reject/invite control exists; user_roles and project invites unchanged.,Manual visit to /admin/members; confirm the Preview note renders,Yes — membership model decision required,src/App.tsx lines 140-148; the placeholder note explicitly says to keep user_roles and project invites until decided.
Administration,Admin,Audit Log,/admin/audit,static,none,AdminConsole card; direct URL,—,admin,none,Access audit,View + export,"view, export",—,—,Supabase (access_audit),Fully connected,Working,role-based,src/pages/AdminAuditLog.tsx,src/App.tsx,—,L082,Admin · Audit log (Preview placeholder),/admin/audit,Yes — placeholder only,src/pages/placeholders/AdminPreviewPlaceholders.tsx (AdminPreviewPlaceholder),Admin console card,Signed-in admin area via AdminLayout,None — no access_audit_log writers exist yet,None,None,"Placeholder (labelled Preview only, PD-5)",UI match only,High,"Weak — the route exists but renders a Preview notice, not a log table",None — nothing writes audit events yet,Keep PP route,/admin/audit,"Keep ""Audit log"" with an explicit Preview badge","Admin console card, visibly marked Preview",n/a,No,High — an empty audit log implies 'no suspicious activity' when the truth is 'nothing is being recorded',Preserve the 'Requires access_audit_log writers before export/filter are live' note.,"Do not implement view, filter or export here. Directive: Preview placeholder, not connected.","access_audit_log writers across auth, admin and data-access paths, then a read API with RLS.",Styling of the placeholder only. No functional controls.,Needs audit writers before any read surface.,P2,High,M,Blocked — placeholder styling only until audit writers exist,Page still renders the Preview notice; no filter or export control exists.,Manual visit to /admin/audit; confirm the Preview note renders,Yes — audit scope and retention need a decision,src/App.tsx lines 149-157; the placeholder note names the missing writers.
Administration,Admin,Invoicing,/admin/invoicing,static,none,direct URL,—,admin,none,QuickBooks invoicing,View invoices,view only,—,—,static mock,Mock,Mock,role-based,src/pages/AdminInvoicing.tsx,src/App.tsx,—,L083,Stripe billing (different architecture),Stripe-hosted checkout and customer portal (no in-app invoicing page),No — no invoicing page,supabase/functions/create-checkout; customer-portal; check-subscription; stripe-webhook,Pricing page → checkout; account → customer portal,Signed-in,Stripe subscriptions and invoices (held by Stripe),create-checkout; customer-portal; check-subscription; stripe-webhook,Yes (Stripe),"Billing real, via Stripe",Same purpose different architecture,High,None — PermitPilot delegates invoice display to Stripe's customer portal,"Comparable outcome, different system: real billing exists, just not as an in-app QuickBooks view",Do not build,Stripe customer portal,"Use ""Billing"" and link to the Stripe customer portal",Omit from PermitPilot navigation,n/a,Yes,High — an in-app invoice list that does not reconcile with Stripe would be a financial-accuracy risk,"Preserve the Stripe checkout, webhook and customer-portal flows untouched.",Do not build a QuickBooks invoicing page. Link to the Stripe customer portal instead.,None. A QuickBooks integration is not planned.,"None beyond a billing link, if one is missing.",None — decision is simply to stay on Stripe.,P3,Medium,M,Out of scope — Stripe is the billing system of record,Billing continues to route to Stripe; no in-app invoice table exists.,Manual checkout and customer-portal smoke in Stripe test mode,Yes — only if the client insists on QuickBooks,Four real Stripe functions exist; QuickBooks does not appear anywhere in the codebase.
Administration,Admin,Past Performance,/admin/past-performance,static,none,direct URL,—,admin,none,Performance history,View,view only,—,—,static mock,Mock,Mock,role-based,src/pages/AdminPastPerformance.tsx,src/App.tsx,—,L084,— (no PermitPilot equivalent),— (none),No,— (none),Not present in PermitPilot navigation,n/a — surface does not exist,— (none),None,None,Not implemented,Missing in PermitPilot,High,None — no PermitPilot surface to compare,None — no PermitPilot domain behind it,Do not build,— (no route),n/a — label not adopted,Omit from PermitPilot navigation,n/a,Yes,High — Lovable page is mock; replicating it would ship a convincing but empty surface,"No PermitPilot logic exists on this path, so nothing to preserve.",Do not build. Past-performance claims are client-facing and must never be generated from mock data.,"New domain model, tables, RLS and service layer would be required before any UI work.",None. Do not build the UI ahead of a real backend.,No PermitPilot data model; no confirmed client requirement; no owner.,P3,High,XL,Out of scope — deferred indefinitely,No acceptance criteria: row is explicitly out of scope. This matrix must be updated (with an owner and a backend plan) before any work begins.,n/a — nothing to test until scope changes,No — the decision is already recorded as do-not-build. Reopening it requires a matrix update naming an owner and a backend plan.,Lovable page is mock.
Administration,Admin,CRM,/admin/crm,static,none,direct URL,—,admin,none,Client CRM,View,view only,—,—,static mock,Mock,Mock,role-based,src/pages/AdminCrm.tsx,src/App.tsx,—,L085,Lead capture + drip campaigns (not a CRM),Lead capture modal on marketing pages,No — no CRM surface,src/contexts/LeadCaptureContext.tsx; src/components/lead-capture/LeadCaptureModal.tsx; supabase/functions/admin-drip-campaigns; process-drip-emails,Marketing pages,Public for capture; admin for campaigns,Supabase leads and drip campaign state,admin-drip-campaigns; process-drip-emails,Yes (lead capture and drips),Lead capture real; no CRM,Backend match only,High,None — no CRM UI,"Weak — real lead capture and nurture emails, but no accounts, contacts, deals or pipeline",Do not build,— (no route),n/a — label not adopted,Omit from PermitPilot navigation,n/a,Yes,High — a CRM with no pipeline model would become a shadow system of record for client relationships,Preserve lead capture and the drip campaign functions.,"Do not build a CRM. Directive is explicit. If CRM is needed, integrate a real CRM rather than simulating one.","A full CRM domain, or an integration with an external CRM.",None.,Explicit directive plus the absence of a CRM domain.,P3,High,XL,Out of scope — explicit directive,No CRM surface is added.,n/a — nothing to test until scope changes,Yes — would require a product decision to buy or build,"Real drip campaign functions exist; they are marketing automation, not a CRM."
Administration,Admin,Milestone Billing,/admin/milestone-billing,static,none,direct URL,—,admin,none,Billing milestones,View,view only,—,—,static mock,Mock,Mock,role-based,src/pages/MilestoneBilling.tsx,src/App.tsx,—,L086,— (no PermitPilot equivalent),— (none),No,— (none),Not present in PermitPilot navigation,n/a — surface does not exist,— (none),None,None,Not implemented,Missing in PermitPilot,High,None — no PermitPilot surface to compare,None — no PermitPilot domain behind it,Do not build,— (no route),n/a — label not adopted,Omit from PermitPilot navigation,n/a,Yes,High — Lovable page is mock; replicating it would ship a convincing but empty surface,"No PermitPilot logic exists on this path, so nothing to preserve.",Do not build. Blocked on the same billing-architecture decision as L083.,"New domain model, tables, RLS and service layer would be required before any UI work.",None. Do not build the UI ahead of a real backend.,No PermitPilot data model; no confirmed client requirement; no owner.,P3,Medium,L,Out of scope — deferred indefinitely,No acceptance criteria: row is explicitly out of scope. This matrix must be updated (with an owner and a backend plan) before any work begins.,n/a — nothing to test until scope changes,No — the decision is already recorded as do-not-build. Reopening it requires a matrix update naming an owner and a backend plan.,"See L083: Stripe, not milestone invoicing."
Administration,Admin,Endpoints,/admin/endpoints,static,none,direct URL,—,admin,none,API endpoints registry,View,view only,—,—,static,UI only,Placeholder,role-based,src/pages/AdminEndpoints.tsx,src/App.tsx,—,L087,API Documentation,/api-docs,Yes,src/pages/APIDocumentation.tsx,Direct URL; documentation links,Signed-in via ProtectedLayoutRoute,Curated endpoint documentation,None (documentation),None (static by design),Working,Partial match,Medium,"Partial — both list endpoints; PermitPilot's version is real documentation, Lovable's is a placeholder registry",PermitPilot is ahead — its endpoint list reflects real functions,Fold into existing PP surface,/api-docs,"Keep ""API docs""; do not add an ""Endpoints"" admin page",Documentation links; not an admin card,n/a,No,Low,Preserve the documented endpoint list; keep it accurate against supabase/functions and the scraper API.,Do not add /admin/endpoints as a second endpoint registry.,None.,Optional styling alignment.,None.,P3,Low,S,Phase 7 — documentation and polish,API docs remain accurate; no duplicate endpoint page added.,Manual visit to /api-docs,No,src/App.tsx line 160.
Demo,—,McDonald's Executive Demo,/demo/mcdonalds,static,none,sidebar → Command › Demo; header → Sparkles button,direct URL,signed-in,none,Sales/exec demo,Guided tour with spotlights,navigate,—,GuidedTour overlay,static mock,Mock,Working,always visible,src/pages/DemoMcDonalds.tsx,src/App.tsx,—,L088,Demos,/demos,Yes,src/pages/Demos.tsx; src/components/layout/MarketingLayout.tsx,Marketing nav → Demos,Public,Curated demo content,None,None (marketing content),Working,Same purpose different architecture,Medium,Weak — Lovable has a single client-branded guided tour; PermitPilot has a public demo index,"Comparable intent (sales demonstration), different structure",Fold into existing PP surface,/demos,"Keep ""Demos""",Marketing nav only,n/a,No,Medium — clearly-labelled demo content is acceptable; unlabelled client-branded data is not,Preserve the public marketing demo index and its labelling.,"Do not create a client-branded demo (Lovable uses a real quick-service-restaurant brand) without written approval, and never present demo figures as production data.",None.,"Optionally adopt Lovable's guided-tour spotlight pattern on /demos, with every screen labelled as a demo.",Brand usage approval for any named-client demo.,P2,Low,S,Phase 2 — public / marketing shell,Demo content is visibly labelled as a demo; no unapproved client brand appears.,Manual visit to /demos,Yes — brand usage approval needed for any named-client demo,Lovable's demo is branded and signed-in; PermitPilot's is public and generic.
Internal,—,Architecture Inventory (this page),/architecture-inventory,static,none,direct URL,—,signed-in,none,Internal architecture reference,Search/filter/export this inventory,"filter, export",—,—,static (hand-curated),UI only,Working,direct URL only,src/pages/ArchitectureInventory.tsx,src/App.tsx,Not linked in sidebar.,L089,This matrix (repo documentation) + /mvp-documentation,reference/lovable-ui/lovable-permitpilot-architecture-matrix.md; /mvp-documentation,"Partial — documentation lives in the repo, not as an app route",reference/lovable-ui/lovable-permitpilot-architecture-matrix.md; scripts/generate-lovable-permitpilot-matrix.py,"Repository documentation, not application navigation",n/a — repo file,Hand-curated audit data,None,n/a,Working (this document),Same purpose different architecture,High,None — PermitPilot keeps architecture documentation out of the shipped app,"Comparable — same inventory purpose, delivered as repo docs plus CSV instead of a page",Do not build,— (repo documentation),"Refer to it as the ""Lovable ↔ PermitPilot architecture matrix""",Not in application navigation,n/a,No,None,Preserve this matrix as the source of truth: no status change without updating it.,Do not ship an in-app architecture inventory page. Documentation that lives in the app drifts from the code; documentation next to the code does not.,None.,None.,None.,P3,Low,S,Phase 0 — this document,"Matrix and CSV exist, cover all 90 Lovable rows, and are regenerated by the script whenever decisions change.",python3 scripts/generate-lovable-permitpilot-matrix.py (idempotent regeneration),No,This row is self-referential: the Lovable inventory page is replaced by this repo matrix.
Internal,—,Unmatched → /dashboard,*,redirect,none,any unmatched URL,—,n/a,none,404 fallback,Navigate replace to /dashboard,navigate,—,—,n/a,UI only,Working,hidden,src/App.tsx,src/App.tsx,Masks true 404s.,L090,NotFound (true 404),*,Yes,src/pages/NotFound.tsx; src/App.tsx line 189,Any unmatched URL,n/a,None,None,n/a,Working,Same purpose different architecture,High,"Weak — Lovable redirects to /dashboard, PermitPilot renders a 404 page",PermitPilot is better — it surfaces broken links instead of hiding them,Keep PP route,* → NotFound,"Keep ""Page not found""",n/a,n/a,No,None,Preserve the true 404 page.,"Do not adopt Lovable's redirect-to-dashboard fallback. Lovable's own inventory admits it 'masks true 404s', which hides broken links and typo'd routes from both users and monitoring.",None.,Optionally restyle the 404 page to match the Lovable visual language.,None.,P1,Low,S,Phase 1 — foundation / auth surfaces,"An unmatched URL renders the 404 page, not a dashboard redirect.",Visit /this-route-does-not-exist and confirm a 404 renders,No,Deliberate divergence where PermitPilot's behavior is correct and Lovable's is not.
